session_id,user_id,video_id,video_title,session_duration_sec,video_duration_sec,last_position_sec,completed_flag,watch_time_sec,watch_time_ratio,completion_ratio,engagement_velocity,num_pause,total_pause_duration_sec,avg_pause_duration_sec,median_pause_duration_sec,pause_freq_per_min,long_pause_count,long_pause_ratio,num_seek,num_seek_forward,num_seek_backward,total_seek_forward_sec,total_seek_backward_sec,avg_seek_forward_sec,avg_seek_backward_sec,largest_forward_seek_sec,largest_backward_seek_sec,seek_jump_std_sec,seek_forward_ratio,seek_backward_ratio,skip_time_ratio,rewatch_time_ratio,rewatch_to_skip_ratio,seek_density_per_min,first_seek_time_sec,early_skip_flag,num_ratechange,time_at_speed_lt1x_sec,time_at_speed_1x_sec,time_at_speed_gt1x_sec,fast_ratio,slow_ratio,playback_speed_variance,avg_playback_rate_when_playing,unique_speed_levels,num_buffering_events,buffering_time_sec,buffering_freq_per_min,play_pause_ratio,attention_index,skim_flag,deep_flag,effective_consumption_ratio,micro_rewatch_density,rage_seek_count,micro_rewatch_count,engagement_score
0026ddda-4700-4874-83e8-f86ae3c26f47,learner_007,OT1RErkfLNQ,Learn SQL Beginner to Advanced in Under 4 Hours,17499.057803,14400.0,12446.50613,0,17413.368085,0.9951031810417641,0.8643407034721622,0.9951031810417641,6,71.241002,11.873500333333332,9.8961515,0.02057253619317996,0,0.0,4,0,4,0.0,1556.808803999999,0.0,389.2022009999998,0.0,648.9271719999999,244.7988224226694,0.0,0.99999999975,0.0,0.10811172249999243,0.9999999999993576,0.01371502412878664,2784.783967,0,1,12226.288359,5187.079726,0.0,0.0,0.7021208246055002,0.0154,0.86,2,6,6.548321999999999,0.02057253619317996,0.9959255021575539,0.8601081835290247,0,1,0.9969997218922918,0.00342875603219666,0,1,1.0
01bdd3bc-35b3-4280-bfa8-0182d7155067,learner_017,a_iQb1lnAEQ,Learn HTML & CSS – Full Course for Beginners,6845.995491,14629.0,7831.759533,0,6779.70212,0.9903164746327773,0.5353585024950075,0.9903164746327773,4,56.741804,14.185451,14.756281000000001,0.03505699066168091,0,0.0,3,3,0,1217.072749,0.0,405.6909163333333,0.0,475.4262560000002,0.0,63.0955560819144,0.9999999996666666,0.0,0.08319589507142776,0.0,0.0,0.02629274299626068,2337.333176,0,0,0.0,6779.70212,0.0,0.0,0.0,0.0,1.0,1,5,4.81311,0.04382123832710113,0.9917000995500315,0.5301743448555387,0,0,0.46344262218877136,0.0,0,0,0.43848385366734305
03703a9b-e352-4b05-ae24-a9712aa5e356,learner_011,j9VNCI9Xo80,Java Tutorial For Beginners 2023,6200.160476,7703.0,5474.18825,0,6150.066026,0.991920459124421,0.710656659742865,0.991920459124421,4,40.878711,10.21967775,10.3581265,0.03870867551359125,0,0.0,2,0,2,0.0,319.43867999999975,0.0,159.71933999999987,0.0,246.82221900000013,87.10287900000026,0.0,0.9999999995,0.0,0.041469385953519185,0.9999999999968695,0.019354337756795625,2189.097448,0,1,0.0,6150.066026,0.0,0.0,0.0,0.0,1.0,1,4,6.209543999999999,0.03870867551359125,0.9933970156837802,0.70491488021197,0,0,0.7983988090353371,0.0,0,0,0.8191335020120967
05a6d1c8-6da9-4378-9725-c4f2174e2536,learner_012,RBSGKlAvoiM,Data Structures Easy to Advanced Course - Full Tutorial,8987.230399,9369.0,7594.48804,0,8893.189822,0.9895362004949319,0.8105975066708495,0.9895362004949319,7,79.492094,13.248682333333333,16.1378105,0.04673297349135825,0,0.0,3,0,3,0.0,741.725136,0.0,247.241712,0.0,409.27922000000035,115.66197612796354,0.0,0.9999999996666666,0.0,0.07916801536982825,0.9999999999986519,0.020028417210582107,3564.424312,0,0,0.0,8893.189822,0.0,0.0,0.0,0.0,1.0,1,5,5.954762,0.03338069535097018,0.991140653959967,0.8021155768817376,0,1,0.9492144115699702,0.0,0,0,0.9887984192548843
066aeb1a-90c1-4fca-a575-4a893c4de9b2,yunus,f7Tm6bxw_sI,How to create repository on GitHub #github #governorsindhinitiative #shorts,0.0,0.0,0.0,0,0.0,0.0,0.0,0.0,0,0.0,0.0,0.0,0.0,0,0.0,0,0,0,0.0,0.0,0.0,0.0,0.0,0.0,0.0,0.0,0.0,0.0,0.0,0.0,0.0,0.0,0,0,0.0,0.0,0.0,0.0,0.0,0.0,1.0,1,0,0.0,0.0,0.0,0.0,0,0,0.0,0.0,0,0,0.0
08953d58-690e-4e23-8a90-7171387bc07d,learner_001,IC5vBKc21X8,JavaScript Programming Tutorial for Beginners,3206.870525,4030.0,2709.424288,0,3109.136787,0.9695236408083643,0.6723137191065329,0.9695236408083643,6,81.453695,13.575615833333332,15.167948500000001,0.11225897559218251,0,0.0,4,0,4,0.0,414.415266,0.0,103.6038165,0.0,199.71916800000008,56.697171823335076,0.0,0.99999999975,0.0,0.1028325722084112,0.999999999997587,0.07483931706145501,1033.831363,0,1,0.0,0.0,3109.136787,0.9999999999996784,0.0,0.004599999999999999,1.23,2,6,5.936689,0.11225897559218251,0.9744706519183509,0.6518240447135778,0,0,0.964372452543185,0.0,0,0,1.0
0b97a44b-3036-455f-977f-ca789029d930,moulana,FNc1oLrA8mU,Java var Explained ✅,884.763497,180.0,179.061,1,236.809812,0.26765323479403486,0.9947833333278069,0.26765323479403486,0,0.0,0.0,0.0,0.0,0,0.0,6,6,0,21.07882568338014,0.0,3.51313761389669,0.0,5.953205783039095,0.0,1.163667303834892,0.9999999998333333,0.0,0.11710458712923909,0.0,0.0,0.4068883958213148,766.860786,0,1,0.0,222.89283,13.916981999999999,0.05876860372635755,0.0,0.01510847107438016,1.1022727272727273,2,5,3.2493719999999997,0.339073663184429,0.9999999999957773,0.2662569770843801,0,0,1.334939208325917,0.0,3,0,0.9648686238612283
0dc45e0f-0722-4bb2-b4c6-60156c060b04,learner_012,ztHopE5Wnpc,Database Design Course - Learn how to design and plan,753.70952,14233.0,1742.864828,0,706.39792,0.9372283369846022,0.12245238726901408,0.9372283369846022,4,41.334848,13.778282666666668,14.937061,0.3184250611308379,0,0.0,2,2,0,1089.2601450000002,0.0,544.6300725000001,0.0,1009.420929,0.0,464.79085649999996,0.9999999995,0.0,0.076530608093861,0.0,0.0,0.15921253056541895,377.286613,1,1,0.0,0.0,706.39792,0.9999999999985844,0.0,0.16000000000000003,1.8,2,3,2.868905,0.23881879584812843,0.9447197584887109,0.11476584727993254,0,0,0.09926198552658615,0.0,0,0,0.07630280309842785
12567e8d-ae80-4a1b-bf39-d3cb8bd6de70,learner_003,EerdGm-ehJQ,JavaScript Tutorial Full Course - Beginner to Pro,2792.759521,15092.0,2865.87131,0,2763.683914,0.9895889328163213,0.1898934077656911,0.9895889328163213,3,25.578175,12.7890875,12.7890875,0.06445238075195264,0,0.0,1,1,0,40.08041000000003,0.0,40.08041000000003,0.0,40.08041000000003,0.0,0.0,0.9999999989999999,0.0,0.002655738802014138,0.0,0.0,0.021484126917317548,926.281532,1,2,0.0,910.47817,1853.2057439999999,0.670556330487557,0.0,0.015625,1.125,2,2,1.0039690000000001,0.042968253834635095,0.9908297699589209,0.1879164147397048,0,0,0.21382092168034628,0.0,0,0,0.21302420003974204
12ccc87a-2309-4593-8b2d-06b558eecfa1,learner_009,eWRfhZUzrAc,Python for Beginners – Full Course [Programming Tutorial],5067.694023,11166.0,5704.807344,0,4945.075613,0.9758039042127512,0.5109087716281111,0.9758039042127512,5,113.14137,28.2853425,30.705692499999998,0.05919852276693937,3,0.59999999988,3,3,0,1112.7161990000002,0.0,370.9053996666667,0.0,640.1969490000001,0.0,190.47367739078408,0.9999999996666666,0.0,0.09965217615976182,0.0,0.0,0.03551911366016362,1707.433719,0,0,0.0,4945.075613,0.0,0.0,0.0,0.0,1.0,1,5,4.647467,0.05919852276693937,0.9776321635902074,0.4985467740512517,0,0,0.44286903215113355,0.0,0,0,0.412973379303205
13681926-25ed-4084-b949-af11f6e36c66,user_001,pTB0EiLXUC8,"Object-Oriented Programming, Simplified",455.774921,454.0,453.901,1,298.460483,0.6548418292619158,0.999781938323789,0.6548418292619158,2,3.812156,1.906078,1.906078,0.26328785208478533,0,0.0,0,0,0,0.0,0.0,0.0,0.0,0.0,0.0,0.0,0.0,0.0,0.0,0.0,0.0,0.0,0.0,0,0,0.0,298.460483,0.0,0.0,0.0,0.0,1.0,1,3,153.46543400000002,0.39493177812717806,0.9873883524039786,0.6546990333549739,0,0,0.6574019449324727,0.0,0,0,0.6574019449324727
13c88a19-8536-4536-a746-b0d647b72de1,yunus,dVcNG7stnU4,What Is The Difference Between Git and GitHub? #tech #git #techexplained,31.204669,29.0,28.781,1,29.131893,0.9335748121239943,0.9924482758278466,0.9335748121239943,0,0.0,0.0,0.0,0.0,0,0.0,0,0,0,0.0,0.0,0.0,0.0,0.0,0.0,0.0,0.0,0.0,0.0,0.0,0.0,0.0,0.0,0,0,0.0,29.131893,0.0,0.0,0.0,0.0,1.0,1,1,1.256021,1.9227891789088567,0.9999999999656733,0.9265247126487639,0,0,1.004548034448119,0.0,0,0,1.0
16565f89-4c12-4367-bec4-c72894e46a69,learner_004,xND0t1pr3KY,C Programming Full Course for free,16074.216142,12453.0,11908.3244,0,16051.892701,0.9986112267743701,0.956261495221958,0.9986112267743701,4,15.272669,5.0908896666666665,2.825529,0.01493074361318391,0,0.0,1,0,1,0.0,586.0294279999998,0.0,586.0294279999998,0.0,586.0294279999998,0.0,0.0,0.9999999989999999,0.0,0.04705929719745867,0.9999999999982936,0.0037326859032959774,3376.531489,0,2,12689.41601,3362.476691,0.0,0.0,0.7905245970905777,0.015380859375,0.890625,2,4,4.404717,0.01493074361318391,0.9990494484466117,0.954933464860693,0,1,1.0342518829598464,0.0,0,0,1.0
167939b7-b2d9-4fe8-857a-5f80ea40f7a9,anfas,R-HLU9Fl5ug,"Python: Data Structures - Lists, Tuples, Sets &amp; Dictionaries tutorial",707.111413,1141.0,1140.621,1,114.186367,0.16148285107631055,0.9996678352313764,0.16148285107631055,9,1.798731,0.19985899999999998,0.034153,0.7636703212909106,0,0.0,29,26,3,331.7115047978213,162.49264688555894,12.758134799916203,54.16421562851965,99.38321419168858,143.48257112016296,33.504476601002686,0.8965517241070154,0.10344827585850179,0.2907199866761881,0.14241248631500134,0.3287966042610942,2.4607154797151565,5.600802,1,1,0.0,1.603107,112.58326000000001,0.985960609457117,0.0,0.020422419460881004,1.455128205128205,2,19,10.410822000000001,1.6121929005030335,0.984491705986363,0.1614292121624461,0,1,0.14941104031538177,0.16970451584242457,13,2,0.13340128747002603
16985552-3206-409e-8bf7-416a1e76f5b5,learner_016,wBtPGnVnA9g,ALL IN ONE: Data Structures & Algorithms In JavaScript,3027.553577,2497.0,2188.88829,0,2983.3202520000004,0.9853897465805326,0.8766072446932812,0.9853897465805326,4,41.16971,13.723236666666667,14.022507,0.0792719249688917,0,0.0,0,0,0,0.0,0.0,0.0,0.0,0.0,0.0,0.0,0.0,0.0,0.0,0.0,0.0,0.0,0.0,0,1,2260.042993,723.277259,0.0,0.0,0.7575596322534005,0.015306122448979595,0.8571428571428571,2,4,2.467741,0.0792719249688917,0.9863878834057157,0.8637997906989713,0,0,0.96848598468123,0.0,0,0,0.96848598468123
16d23600-88e7-44fd-a99a-cab4e505df31,learner_016,tqjJrXd27m4,React 19 Crash Course for Beginners 2026,3267.224246,3787.0,2739.89818,0,3178.8799329999997,0.9729604378673635,0.723500971745254,0.9729604378673635,4,81.82569500000001,27.27523166666667,26.517776,0.07345684958399167,1,0.2499999999375,0,0,0,0.0,0.0,0.0,0.0,0.0,0.0,0.0,0.0,0.0,0.0,0.0,0.0,0.0,0.0,0,0,0.0,3178.8799329999997,0.0,0.0,0.0,0.0,1.0,1,3,5.479603,0.05509263718799375,0.9749055252647373,0.7039378222667253,0,0,0.8394190475308054,0.0,0,0,0.8394190475308054
193f824e-d633-4a4b-8fec-a974e53f802b,learner_012,gfkTfcpWqAY,C# Tutorial For Beginners - Learn C# Basics in 1 Hour,2984.306444,3600.0,2342.738494,0,2881.5349830000005,0.9655626984260988,0.6507606927775971,0.9655626984260988,8,85.49963500000001,12.214233571428574,13.794401,0.16084139112301887,0,0.0,4,0,4,0.0,235.56846899999994,0.0,58.892117249999984,0.0,147.95857499999988,51.762665775639185,0.0,0.99999999975,0.0,0.06543568583331513,0.999999999995755,0.08042069556150944,1030.600962,0,2,447.889373,290.142041,2143.503569,0.7438756015960732,0.15543429999712916,0.03222222222222223,1.1333333333333333,3,7,7.3670779999999985,0.14073621723264151,0.9711834723861077,0.6283502505479741,0,0,0.918177369999745,0.0,0,0,0.9508952129164026
19c4514c-e4dd-4eb8-a50a-a6e6b523b771,learner_002,Qgl81fPcLc8,Java Full Course [NEW],9860.892711,11740.0,8761.231993,0,9822.942065,0.9961513985484638,0.7462718903747234,0.9961513985484638,3,28.831211,9.610403666666667,8.410269,0.01825392540759637,0,0.0,3,0,3,0.0,1297.9727720000005,0.0,432.65759066666686,0.0,451.13891800000056,18.945637988978472,0.0,0.9999999996666666,0.0,0.11055986132878108,0.9999999999992296,0.01825392540759637,3654.117354,0,0,0.0,9822.942065,0.0,0.0,0.0,0.0,1.0,1,4,3.922105,0.024338567210128496,0.9970735003543744,0.7433997872941865,0,0,0.8367071605621093,0.0,0,0,0.8919870912264998
1a280117-22cc-428d-a17b-7a9ab09622a2,yunus,a9u2yZvsqHA,How To Use GitHub For Beginners,559.688424,629.0,615.45882,0,38.298702,0.06842861198775047,0.9784718918903362,0.06842861198775047,13,12.819255999999998,1.0682713333333334,0.09745899999999999,1.3936325399440135,0,0.0,8,5,3,136.87233284741208,49.168865971389835,27.374466569482415,16.38962199046328,60.786492912261906,29.884880946594308,23.0328840043696,0.624999999921875,0.374999999953125,0.21760307288902142,0.07816989820558293,0.26429020175802254,0.8576200245809315,41.855417,1,0,0.0,38.298702,0.0,0.0,0.0,0.0,1.0,1,14,8.993037999999999,1.50083504301663,0.7492220639809357,0.06695547343108393,0,1,0.060888238473671086,0.21440500614523286,1,2,0.03469226570975613
1a3a8352-8a0a-4254-a22d-4ac687dde0da,learner_005,h0nxCDiD-zg,SQL Tutorial for Beginners,10179.937158,10741.0,8898.485001,0,10138.208284,0.9959008711592877,0.8284596407223881,0.9959008711592877,4,32.244298,10.748099333333334,11.201949,0.023575784042043833,0,0.0,2,0,2,0.0,795.2671589999998,0.0,397.6335794999999,0.0,431.4608310000001,33.827251500000216,0.0,0.9999999995,0.0,0.07404032762311942,0.9999999999987426,0.011787892021021916,2434.550241,0,0,0.0,10138.208284,0.0,0.0,0.0,0.0,1.0,1,5,5.033564,0.029469730052554793,0.9968296103107482,0.8250636779157368,0,1,0.9438793672841501,0.0,0,0,0.9808995310957098
1a3d0e13-a4de-4dd0-8ee7-e89074a5a186,learner_014,HBqWsrqK89U,HTML & CSS Full Course: Beginners to Pro 2024,8412.627717,18062.0,9533.096209,0,8355.788039,0.9932435286674894,0.5277984835012441,0.9932435286674894,4,47.442099999999996,11.860524999999999,12.1871045,0.02852854162478902,0,0.0,2,2,0,838.2565889999992,0.0,419.1282944999996,0.0,547.6125699999993,0.0,128.48427549999974,0.9999999995,0.0,0.046409953991803386,0.0,0.0,0.01426427081239451,3808.900693,0,2,0.0,6545.724283,1810.063756,0.21662394349299546,0.0,0.08333333333333333,1.1666666666666667,3,4,5.173418,0.02852854162478902,0.9943543019510066,0.5242324281781254,0,0,0.5157891988428459,0.0,0,0,0.5018662126453048
1a4ab01a-f6b6-4627-aa8a-7c63dc25f5e6,anfas,Ix5cKThAa3E,Python Coding Basics: Get Started with VSCode,2.164103,11.0,0.0,0,0.0,0.0,0.0,0.0,0,0.0,0.0,0.0,0.0,0,0.0,0,0,0,0.0,0.0,0.0,0.0,0.0,0.0,0.0,0.0,0.0,0.0,0.0,0.0,0.0,0.0,0,0,0.0,0.0,0.0,0.0,0.0,0.0,1.0,1,1,0.0,27.72511213028829,0.0,0.0,0,0,0.0,0.0,0,0,0.0
1acbcc86-5e14-426c-a5e5-c50a46485d5f,learner_002,8jLOx1hD3_o,C++ Programming Course - Beginner to Advanced,5093.503068,5165.0,4438.639188,0,5055.195216,0.9924790755027395,0.8593686714422344,0.9924790755027395,4,29.810103999999995,9.936701333333332,8.414508,0.04711884861814966,0,0.0,3,0,3,0.0,324.2289190000006,0.0,108.07630633333353,0.0,137.66281200000003,32.3086018696962,0.0,0.9999999996666666,0.0,0.06277423407549618,0.9999999999969158,0.035339136463612246,1164.21077,0,0,0.0,5055.195216,0.0,0.0,0.0,0.0,1.0,1,2,2.8642440000000002,0.02355942430907483,0.9941376454644506,0.8529054245490063,0,1,0.9787406032911947,0.0,0,0,1.0
1c952fa8-6dda-49ee-836b-25d70b848d64,learner_007,BBpAmxU_NQo,Data Structures and Algorithms for Beginners,10456.785462,10832.0,9043.782234,0,10398.604987,0.9944361032161918,0.8349134263293173,0.9944361032161918,5,50.487342,12.6218355,13.966804499999999,0.028689505114978198,0,0.0,3,0,3,0.0,916.8492820000004,0.0,305.61642733333343,0.0,360.18239500000004,69.87854277230421,0.0,0.9999999996666666,0.0,0.08464265897340432,0.9999999999989093,0.017213703068986917,1576.432944,0,0,0.0,10398.604987,0.0,0.0,0.0,0.0,1.0,1,3,1.799154,0.017213703068986917,0.9951682557286937,0.8302680542018054,0,1,0.9599893821084786,0.0,0,0,1.0
1d89d183-5643-48de-b3d7-bfdef53aac42,moulana,l9AzO1FMgM8,Java in 100 Seconds,34.069655,145.0,4.695357,0,3.8481549999999998,0.11294963215468577,0.03238177241356978,0.11294963215468577,2,11.734196,11.734196,11.734196,3.5221959185870317,0,0.0,0,0,0,0.0,0.0,0.0,0.0,0.0,0.0,0.0,0.0,0.0,0.0,0.0,0.0,0.0,0.0,0,0,0.0,3.8481549999999998,0.0,0.0,0.0,0.0,1.0,1,2,1.128193,3.5221959185870317,0.24695599526368284,0.003657509282629458,0,0,0.026538999999816973,0.0,0,0,0.026538999999816973
1ed042ee-292b-4bdd-8617-cbe54ad680e2,anfas,Ix5cKThAa3E,Python Coding Basics: Get Started with VSCode,26.473506,11.0,0.0227601564025878,0,0.0,0.0,0.0020691051273198815,0.0,0,0.0,0.0,0.0,0.0,0,0.0,0,0,0,0.0,0.0,0.0,0.0,0.0,0.0,0.0,0.0,0.0,0.0,0.0,0.0,0.0,0.0,0,0,0.0,0.0,0.0,0.0,0.0,0.0,1.0,1,1,0.314744,2.266416841955689,0.0,0.0,0,0,0.0,0.0,0,0,0.0
1fcc982a-1717-4c9c-a5c8-626ab0a26134,hammad,PeMlggyqz0Y,Machine Learning Explained in 100 Seconds,607.457713,155.0,154.081,1,108.849395,0.17918843183709943,0.9940709677355222,0.17918843183709943,3,0.653056,0.21768533333333331,0.011637,0.2963169223636493,0,0.0,7,3,4,54.188430902725216,208.66026391226194,18.062810300908406,52.165065978065485,40.52038979019165,153.54765598283385,48.541013737499625,0.4285714285102041,0.5714285713469388,0.3496027800153266,1.3461952510381663,0.7938417349126996,0.6914061521818484,7.299091,1,0,0.0,108.849395,0.0,0.0,0.0,0.0,1.0,1,13,3.649676,1.2840399969091472,0.9940361517479271,0.17812601784331608,1,1,0.702254161285792,0.0,1,0,0.6973733272811939
20b23941-9b82-4469-bfec-09171f46d6d0,learner_002,0QUgvfuKvWU,C# Fundamentals for Beginners,13558.441845,13560.0,13242.49154,0,13536.994863,0.9984181823954271,0.9765849218288366,0.9984181823954271,3,18.639501,9.3197505,9.3197505,0.013275861788320667,0,0.0,0,0,0,0.0,0.0,0.0,0.0,0.0,0.0,0.0,0.0,0.0,0.0,0.0,0.0,0.0,0.0,0,0,0.0,13536.994863,0.0,0.0,0.0,0.0,1.0,1,2,2.430573,0.008850574525547111,0.998624962838294,0.9750401426071273,0,0,0.9983034559733777,0.0,0,0,0.9983034559733777
26cce5ef-7b5e-4011-b965-72c222b83fc4,learner_001,kbKty5ZVKMY,Learn Basic SQL in 15 Minutes,849.980998,900.0,390.669541,0,700.125093,0.8236949939428838,0.43407726777729544,0.8236949939428838,7,140.08093499999998,23.3468225,19.1808595,0.4941286934162171,2,0.2857142856734694,3,3,0,164.914643,0.0,54.97154766666667,0.0,71.771682,0.0,18.8158261450274,0.9999999996666666,0.0,0.18323849222201863,0.0,0.0,0.21176944003552162,279.0374,0,0,0.0,700.125093,0.0,0.0,0.0,0.0,1.0,1,5,3.838635,0.3529490667258694,0.8332778743158062,0.3575472724525629,0,0,0.7779167699991356,0.0,0,0,0.72294522233253
27ac9aad-ac47-49f7-8e66-efaf379e75cc,learner_013,HIj8wU_rGIU,How to Start Coding | Programming for Beginners,4447.059535,12848.0,5241.356334,0,4437.8023140000005,0.9979183501079443,0.40795114679324346,0.9979183501079443,2,6.225554,6.225554,6.225554,0.026984122666660216,0,0.0,0,0,0,0.0,0.0,0.0,0.0,0.0,0.0,0.0,0.0,0.0,0.0,0.0,0.0,0.0,0.0,0,1,0.0,0.0,4437.8023140000005,0.9999999999997745,0.0,0.0146484375,1.15625,2,2,1.9412060000000002,0.026984122666660216,0.9985991190456237,0.4071019353325573,0,0,0.43176003210613073,0.0,0,0,0.43176003210613073
29b1bdf7-9b97-4513-92c6-a8827f4f8df7,learner_013,wN0x9eZLix4,Object Oriented Programming (OOP) in C++ Course,1498.490356,3312.0,2163.904887,0,1475.784023,0.9848471944380102,0.6533529248186434,0.9848471944380102,2,18.788304,18.788304,18.788304,0.0800805954570956,0,0.0,1,1,0,32.45758000000001,0.0,32.45758000000001,0.0,32.45758000000001,0.0,0.0,0.9999999989999999,0.0,0.009799993961349701,0.0,0.0,0.0400402977285478,846.670315,0,2,0.0,0.0,1475.784023,0.9999999999993224,0.0,0.11812500000000001,1.525,2,2,1.273529,0.0800805954570956,0.9874289763957423,0.6434527949855091,0,0,0.7797771860655859,0.0,0,0,0.7768371878771809
2b37c644-9185-4f45-8e52-f133fc1bc766,learner_010,TlB_eWDSMt4,Node.js Tutorial for Beginners: Learn Node in 1 Hour,1360.065675,3600.0,1698.004128,0,1296.848062,0.9535187056309222,0.47166781333320235,0.9535187056309222,5,54.616208,13.654052,14.941241999999999,0.22057758349556564,0,0.0,3,3,0,670.669674,0.0,223.556558,0.0,265.62547100000006,0.0,29.75677670296283,0.9999999996666666,0.0,0.1862971316666149,0.0,0.0,0.13234655009733937,668.862169,0,3,0.0,340.277904,956.5701579999999,0.7376115876859461,0.0,0.1822562358276644,1.5476190476190477,4,4,4.61947,0.1764620667964525,0.9595873829494882,0.44974408285724254,0,0,0.5634089645137323,0.0,0,0,0.5075198250137479
2d964ec7-1aca-422a-a2b1-9936687993e0,learner_003,xk4_1vDrzzo,Java Full Course for free,31765.538365,35712.0,24670.13375,0,31689.132972,0.9975947080725324,0.6908079567092101,0.9975947080725324,7,66.094916,11.015819333333333,11.3245945,0.013221875706094514,0,0.0,1,0,1,0.0,336.4779699999999,0.0,336.4779699999999,0.0,336.4779699999999,0.0,0.0,0.9999999989999999,0.0,0.00942198616711443,0.999999999997028,0.0018888393865849305,6987.5378,0,1,24734.296825,6954.836147,0.0,0.0,0.7805293015386077,0.015359168241965971,0.8586956521739131,2,6,8.592663,0.011333036319509583,0.9979186130789516,0.6891463619075071,0,0,0.7142013543276571,0.0,0,0,0.7189123474112143
2f720fbe-9a87-49a6-8abb-decf08afdbca,learner_008,OA5JAmTcTz4,React JS Tutorial For Beginners 2025,4289.564697,8591.0,3517.142712,0,4233.417293,0.9869106988780809,0.40939852310552793,0.9869106988780809,3,46.605389,15.535129666666668,14.965502,0.04196229983974112,0,0.0,3,0,3,0.0,589.8078639999998,0.0,196.60262133333325,0.0,309.37565600000005,86.54141776382923,0.0,0.9999999996666666,0.0,0.06865415714118625,0.9999999999983046,0.04196229983974112,1132.343007,0,1,0.0,4233.417293,0.0,0.0,0.0,0.0,1.0,1,4,5.622351999999999,0.05594973311965482,0.9891109481272161,0.4040397825577307,0,0,0.49277351798387936,0.0,0,0,0.5271005965544725
2fdce738-7bec-40d1-9a97-129f23afab76,anfas,Ro_MScTDfU4,Learn Python in Only 30 Minutes (Beginner Tutorial),0.0,1842.0,0.0,0,0.0,0.0,0.0,0.0,0,0.0,0.0,0.0,0.0,0,0.0,0,0,0,0.0,0.0,0.0,0.0,0.0,0.0,0.0,0.0,0.0,0.0,0.0,0.0,0.0,0.0,0,0,0.0,0.0,0.0,0.0,0.0,0.0,1.0,1,0,0.0,0.0,0.0,0.0,0,0,0.0,0.0,0,0,0.0
2fed0962-c544-44ee-9288-08627d3080b3,learner_006,HGTJBPNC-Gw,HTML & CSS Full Course for free,1102.008929,7595.0,814.924968,0,1079.087597,0.979200411722817,0.10729755997365276,0.979200411722817,2,19.128929,19.128929,19.128929,0.10889203965194594,0,0.0,0,0,0,0.0,0.0,0.0,0.0,0.0,0.0,0.0,0.0,0.0,0.0,0.0,0.0,0.0,0.0,0,0,0.0,1079.087597,0.0,0.0,0.0,0.0,1.0,1,2,2.662426,0.10889203965194594,0.9825818237586943,0.10506581490305443,0,0,0.14207868294929005,0.0,0,0,0.14207868294929005
311f681d-b690-4cab-bd1a-7b68ae4e588e,learner_011,wxznTygnRfQ,C# Full Course for free,2252.097175,31262.0,5272.211117,0,2201.6117550000004,0.9775829300079039,0.16864599568165284,0.9775829300079039,5,44.204598,11.0511495,11.323914,0.1332091720207444,0,0.0,2,2,0,2358.5208789999997,0.0,1179.2604394999998,0.0,1284.4594119999997,0.0,105.19897249999997,0.9999999995,0.0,0.07544369774806232,0.0,0.0,0.05328366880829776,1431.468504,1,3,0.0,0.0,2201.6117550000004,0.9999999999995458,0.0,0.15375,1.7,4,4,3.752355,0.10656733761659552,0.9803169132943881,0.1648654465925705,0,0,0.12197650411041772,0.0,0,0,0.09934339478599902
32054eae-83fd-4bc2-a9d3-db3344957385,learner_007,Ihy0QziLDf0,JavaScript tutorial for beginners,4472.735211,7291.0,4179.691284,0,4437.15379,0.9920448183667377,0.5732672176655366,0.9920448183667377,2,31.321908,15.660954,15.660954,0.026829220675364106,0,0.0,1,0,1,0.0,57.275379999999814,0.0,57.275379999999814,0.0,57.275379999999814,0.0,0.0,0.9999999989999999,0.0,0.007855627485940469,0.9999999999825405,0.013414610337682053,1800.109238,0,0,0.0,4437.15379,0.0,0.0,0.0,0.0,1.0,1,4,1.824872,0.05365844135072821,0.992990471445327,0.5687067728246123,0,0,0.6085795899052793,0.0,0,0,0.6125074036482495
323a5774-1126-4de0-87cc-668a27121c82,learner_009,FtaQSdrl7YA,JavaScript Tutorial for Beginners [JS Crash Course],7607.281437,6923.0,6923.0,1,7512.6075599999995,0.9875548344326375,0.9999999999998554,0.9875548344326375,7,83.582154,11.940307714285714,13.367564,0.05521026183597043,0,0.0,2,0,2,0.0,345.51328600000033,0.0,172.75664300000017,0.0,238.82634599999983,66.06970299999966,0.0,0.9999999995,0.0,0.049908029178094816,0.9999999999971058,0.01577436052456298,1881.766192,0,0,0.0,7512.6075599999995,0.0,0.0,0.0,0.0,1.0,1,4,6.976134,0.03154872104912596,0.9889968316816857,0.9875548344324947,0,1,1.08516648273854,0.0,0,0,1.0
33008a5f-318e-41d9-8662-4414a743da34,learner_006,_uQrJ0TkZlc,Python Full Course for Beginners,13381.585828,12264.0,12264.0,1,13305.929431000002,0.9943462308598219,0.9999999999999184,0.9943462308598219,7,61.127174,8.732453428571429,7.228436,0.03138641453984454,0,0.0,3,0,3,0.0,1140.2598539999995,0.0,380.0866179999998,0.0,595.3456479999995,188.2551805661014,0.0,0.9999999996666666,0.0,0.09297617857142094,0.999999999999123,0.013451320517076232,2320.555884,0,0,0.0,13305.929431000002,0.0,0.0,0.0,0.0,1.0,1,5,8.612514999999998,0.02241886752846039,0.9954270281179082,0.9943462308597407,0,1,1.0849583684767545,0.0,0,0,1.0
34d950ac-9466-46c5-b323-de32ef25cd3f,learner_010,Rm0xH2Vpfi0,SQL Tutorial For Beginners | MySQL Tutorial,1045.313219,3948.0,766.354436,0,190.21170899999998,0.1819662332231714,0.1941120658560805,0.1819662332231714,2,39.24865,39.24865,39.24865,0.11479812730954485,1,0.49999999975,0,0,0,0.0,0.0,0.0,0.0,0.0,0.0,0.0,0.0,0.0,0.0,0.0,0.0,0.0,0.0,0,0,0.0,190.21170899999998,0.0,0.0,0.0,0.0,1.0,1,2,814.9038810000001,0.11479812730954485,0.8289523725497661,0.03532184144699915,0,0,0.048179257598771986,0.0,0,0,0.048179257598771986
36648cde-cebe-4abe-901c-570ff3fc73bf,learner_005,pTB0EiLXUC8,"Object-Oriented Programming, Simplified",5978.778673,6568.0,4571.889812,0,5911.256993999999,0.9887064427880705,0.6960855377587247,0.9887064427880705,7,54.922847,9.153807833333333,9.3897805,0.07024846092605729,0,0.0,2,0,2,0.0,243.8365259999996,0.0,121.9182629999998,0.0,177.77347399999962,55.85521099999983,0.0,0.9999999995,0.0,0.03712492783190659,0.999999999995899,0.020070988836016365,2861.577236,0,1,2087.581526,3823.675468,0.0,0.0,0.3531535726019979,0.01,0.95,2,7,7.741511000000001,0.07024846092605729,0.9907943024741632,0.6882242559136499,0,0,0.8205483575668665,0.0,0,0,0.8391108214828198
37479815-1669-4023-86a1-96f2eb27b250,learner_017,b093aqAZiPU,Python for Beginners Tutorial,2085.61156,3545.0,1836.120572,0,2041.3530019999998,0.9787790982511725,0.517946564738923,0.9787790982511725,2,38.497145,19.2485725,19.2485725,0.057537080393123545,0,0.0,2,0,2,0.0,66.0228800000001,0.0,33.01144000000005,0.0,54.89103699999998,21.879596999999933,0.0,0.9999999995,0.0,0.018624225669952463,0.9999999999848537,0.057537080393123545,1114.768842,0,0,0.0,2041.3530019999998,0.0,0.0,0.0,0.0,1.0,1,3,2.2625669999999998,0.08630562058968531,0.981490423693981,0.5069552715774556,0,0,0.5758400569815019,0.028768540196561772,0,1,0.5851521698164781
375cea38-2380-4678-94fd-7ef6b1feedc6,learner_005,gyQyk80_upM,Node.js Tutorial for Beginners | CRASH COURSE,4948.587873,5256.0,5119.545971,0,4868.658825,0.9838481097936878,0.974038426750195,0.9838481097936878,6,70.42710799999999,14.085421599999998,15.69827,0.07274802615102215,0,0.0,2,0,2,0.0,280.3872080000001,0.0,140.19360400000005,0.0,213.2832330000001,73.08962900000006,0.0,0.9999999995,0.0,0.05334612024352107,0.9999999999964335,0.024249342050340718,1564.135215,0,1,0.0,0.0,4868.658825,0.9999999999997945,0.0,0.007968749999999998,1.2125,2,4,4.950498,0.048498684100681436,0.9857408619820857,0.9583058650245968,0,1,1.1578811893548024,0.0,0,0,1.0
37b3c438-1e92-4db1-84e5-3215ac2ef1c2,anfas,GfWRxr1OBm4,Python Basics: The Best Way to Learn Python Programming (2024),13.15565,9.0,8.761,1,8.491783,0.6454856277990456,0.9734444443362839,0.6454856277990456,1,0.521155,0.521155,0.521155,4.560778047937831,0,0.0,0,0,0,0.0,0.0,0.0,0.0,0.0,0.0,0.0,0.0,0.0,0.0,0.0,0.0,0.0,0.0,0,0,0.0,8.491783,0.0,0.0,0.0,0.0,1.0,1,2,0.814552,9.121556095875661,0.9421770125410629,0.6283443982798993,0,0,0.9435314443396076,0.0,0,0,0.9435314443396076
3aaf5f00-d730-42a3-b8d1-826559b4c015,learner_015,7S_tz1z_5bA,SQL Course for Beginners [Full Course],5009.591614,7491.0,5737.700282,0,4976.741767,0.9934426097909479,0.7659458392736929,0.9934426097909479,3,27.555554,13.777777,13.777777,0.03593107260376457,0,0.0,0,0,0,0.0,0.0,0.0,0.0,0.0,0.0,0.0,0.0,0.0,0.0,0.0,0.0,0.0,0.0,0,1,0.0,0.0,4976.741767,0.9999999999997989,0.0,0.013888888888888886,1.1666666666666667,2,4,4.120923,0.04790809680501943,0.9944936217347917,0.7609232335265753,0,0,0.8304535053730034,0.0,0,0,0.8304535053730034
3bd8f998-82a1-4393-b648-dacb8f394f95,learner_013,RGOj5yH7evk,Git and GitHub for Beginners - Crash Course,4582.279181,4870.0,3768.554828,0,4500.487873,0.9821505183839251,0.773830560164112,0.9821505183839251,6,72.277854,12.046309,11.325471,0.07856352390923564,0,0.0,1,0,1,0.0,108.85803899999996,0.0,108.85803899999996,0.0,108.85803899999996,0.0,0.0,0.9999999989999999,0.0,0.022352780082130923,0.9999999999908137,0.013093920651539274,2154.257855,0,1,0.0,4456.380911,44.106962,0.009800484579594867,0.0,0.002834467120181406,1.0119047619047619,2,5,6.006701,0.06546960325769637,0.9841938427822317,0.7600180858065058,0,0,0.9263890376794812,0.0,0,0,0.9375654277205466
3bfaf6c2-0181-4049-83e1-586c73fb8064,learner_016,A74TOX803D0,Java Programming for Beginners – Full Course,3203.304913,15700.0,3762.880337,0,3133.5182230000005,0.9782141594708135,0.23967390681527134,0.9782141594708135,5,65.146349,13.0292698,12.738635,0.0936532762700448,0,0.0,2,2,0,526.0411549999999,0.0,263.02057749999994,0.0,263.5680689999999,0.0,0.5474914999999783,0.9999999995,0.0,0.03350580605095327,0.0,0.0,0.037461310508017924,1991.799033,0,5,0.0,0.0,3133.5182230000005,0.9999999999996809,0.0,0.04855371900826445,1.4090909090909092,4,3,2.197289,0.05619196576202688,0.9796332664664972,0.23445240930238673,0,0,0.2839254217674978,0.0,0,0,0.2738736799522118
3d0374df-a052-4fa5-8dda-f9785c30bf69,learner_007,5OdVJbNCSso,SQL Full Course for free,5633.228693,11753.0,6016.881764,0,5592.321948,0.9927383127456151,0.5119443345528365,0.9927383127456151,3,34.590258,11.530085999999999,14.927362,0.03195325625990573,0,0.0,1,0,1,0.0,489.6595189999998,0.0,489.6595189999998,0.0,489.6595189999998,0.0,0.0,0.9999999989999999,0.0,0.04166251331574561,0.9999999999979577,0.010651085419968575,4041.743611,0,2,73.140589,0.0,5519.181359,0.9869212485116053,0.013078751488215808,0.0232780612244898,1.1607142857142858,3,3,3.169134,0.03195325625990573,0.9938527105569355,0.5082267549036596,0,0,0.5916644380583178,0.0,0,0,0.6124956947161906
3de0877d-9f5b-49a2-b3a7-75746d18013f,learner_004,J2fol8eWo64,Data Structures - Full Course for Beginners,6398.389591,8975.0,6298.91394,0,6376.456122,0.9965720329015524,0.7018288512534037,0.9965720329015524,2,17.221523,17.221523,17.221523,0.018754719182412272,0,0.0,1,1,0,16.515230999999858,0.0,16.515230999999858,0.0,16.515230999999858,0.0,0.0,0.9999999989999999,0.0,0.0018401371587741524,0.0,0.0,0.009377359591206136,3196.214024,0,0,0.0,6376.456122,0.0,0.0,0.0,0.0,1.0,1,2,2.8704150000000004,0.018754719182412272,0.9973064761851944,0.6994230050425657,0,0,0.7104686486907286,0.0,0,0,0.7099166075430963
3fe7693a-b902-4397-a38e-65dd1825e752,learner_010,i_LwzRVP7bg,Machine Learning for Everybody – Full Course,10418.175702,9270.0,8906.467003,0,10385.9437,0.9969061760021181,0.9607839269686126,0.9969061760021181,3,27.72239,13.861195,13.861195,0.017277497053961987,0,0.0,1,0,1,0.0,40.534729999999854,0.0,40.534729999999854,0.0,40.534729999999854,0.0,0.0,0.9999999989999999,0.0,0.004372678532901346,0.9999999999753298,0.005759165684653996,2522.754444,0,1,4539.931565999999,5846.0121340000005,0.0,0.0,0.4371226820726519,0.008136094674556215,0.9615384615384616,2,4,2.169813,0.023036662738615984,0.9973378837230417,0.9578114305985779,0,1,0.9979461497841425,0.0,0,0,1.0
40cf055e-7b78-4c01-a57c-3aaa46a8f9c9,learner_012,8JJ101D3knE,Git Tutorial for Beginners: Learn Git in 1 Hour,4311.983367,3600.0,3600.0,1,4255.88979,0.9869912353024651,0.9999999999997222,0.9869912353024651,4,45.977784,11.494446,12.081110500000001,0.055658841783435956,0,0.0,2,0,2,0.0,200.0524559999999,0.0,100.02622799999995,0.0,118.27176099999997,18.245533000000023,0.0,0.9999999995,0.0,0.055570126666651204,0.9999999999950013,0.027829420891717978,1971.427725,0,1,1546.026832,2709.862958,0.0,0.0,0.36326759109982415,0.007653061224489797,0.9642857142857143,2,6,6.511594,0.08348826267515394,0.989312134041765,0.986991235302191,0,1,1.0748286338885904,0.0,0,0,1.0
43793372-9116-4955-bead-9d191d25e69c,anfas,K5KVEU3aaeQ,Python Full Course for Beginners,3.56952,7341.0,0.1158291182556152,0,0.0,0.0,1.5778384178667676e-05,0.0,0,0.0,0.0,0.0,0.0,0,0.0,0,0,0,0.0,0.0,0.0,0.0,0.0,0.0,0.0,0.0,0.0,0.0,0.0,0.0,0.0,0.0,0,0,0.0,0.0,0.0,0.0,0.0,0.0,1.0,1,1,1.556316,16.808982437823868,0.0,0.0,0,0,0.0,0.0,0,0,0.0
45556cf5-2450-4d6e-bc10-7ad2501ae500,learner_017,ZzaPdXTrSb8,C++ Tutorial for Beginners - Learn C++ in 1 Hour,3898.485113,3600.0,3600.0,1,3843.430915,0.9858780535502365,0.9999999999997222,0.9858780535502365,3,45.516987,15.172329,18.613675,0.046171780776331946,0,0.0,2,0,2,0.0,274.21884,0.0,137.10942,0.0,138.2541000000001,1.1446800000001076,0.0,0.9999999995,0.0,0.07617189999997884,0.9999999999963534,0.030781187184221296,2103.95028,0,0,0.0,3843.430915,0.0,0.0,0.0,0.0,1.0,1,4,4.345766,0.06156237436844259,0.9882958095227813,0.9858780535499626,0,1,1.0676196986108146,0.0,0,0,1.0
46d00bb6-41ff-4090-9333-7de1f7dda69a,learner_015,hoqLi6RmSMs,Java Programming Tutorial | Java From Zero To Hero,3840.208162,4427.0,2993.811633,0,3779.36017,0.984155027687537,0.6762619455611754,0.984155027687537,6,49.708096000000005,8.284682666666667,8.373853,0.09374491819393599,0,0.0,2,0,2,0.0,290.97529099999997,0.0,145.48764549999999,0.0,209.64194599999996,64.15430049999998,0.0,0.9999999995,0.0,0.06572742060084351,0.9999999999965633,0.03124830606464533,2519.555555,0,0,0.0,3779.36017,0.0,0.0,0.0,0.0,1.0,1,6,6.096809,0.09374491819393599,0.9870182267466038,0.6655465937577862,0,0,0.8537068375873381,0.0,0,0,0.8865705478877599
4885a74a-a50d-4081-b037-091bced83130,learner_011,VlPiVmYuoqw,JavaScript Tutorial (2024) for Beginners to Pro,8682.680029,9499.0,7220.259631,0,8612.392392000002,0.9919048454202815,0.7601073408779071,0.9919048454202815,5,61.202655,15.30066375,14.7791715,0.03455154387768893,0,0.0,1,0,1,0.0,388.5831870000002,0.0,388.5831870000002,0.0,388.5831870000002,0.0,0.0,0.9999999989999999,0.0,0.040907799452569664,0.9999999999974266,0.006910308775537787,4157.753543,0,2,2186.613128,6425.779264000001,0.0,0.0,0.2538914889701121,0.008680555555555554,0.9583333333333334,2,4,5.728176,0.02764123510215115,0.9929437961226745,0.7539541544563216,0,0,0.8491145499525372,0.0,0,0,0.8695684496788221
4956cae3-8e19-44ab-acd2-51c492245524,learner_016,v5gnvDUWqFM,GitHub Tutorial for Beginners (2025),5099.269434,8555.0,5733.529466,0,4974.600555000001,0.9755516195771633,0.6701963139683611,0.9755516195771633,4,116.638158,29.1595395,31.594231,0.047065565588071664,2,0.499999999875,2,2,0,1182.0133140000003,0.0,591.0066570000001,0.0,616.8067300000002,0.0,25.800073000000168,0.9999999995,0.0,0.13816637217999556,0.0,0.0,0.023532782794035832,1038.559154,0,0,0.0,4974.600555000001,0.0,0.0,0.0,0.0,1.0,1,4,4.160472,0.047065565588071664,0.9770904165811057,0.6538110995264798,0,0,0.5814845768555721,0.0,0,0,0.5400346652015734
49d9c824-09d4-4dec-b423-7c710fabb2c6,learner_013,ekRpc5YgVZU,Node.js and Express.js - Complete Course for Beginners,9745.067662,9793.0,9793.0,1,9662.090955000001,0.9914852610696024,0.9999999999998979,0.9914852610696024,6,76.02587499999998,12.670979166666664,13.05467,0.03694176505326593,0,0.0,2,0,2,0.0,444.07604800000036,0.0,222.03802400000018,0.0,334.68844700000045,112.65042300000027,0.0,0.9999999995,0.0,0.045346272643720514,0.9999999999977481,0.012313921684421976,3655.666376,0,2,0.0,6084.767689,3577.323266,0.3702431784859584,0.0,0.013313609467455622,1.0769230769230769,2,6,3.274355,0.03694176505326593,0.9921929592416903,0.9914852610695012,0,1,1.0779558635248567,0.0,0,0,1.0
4b81a3ff-0b6e-48bb-ae4f-1fb9c1e15d25,learner_007,#NAME?,C++ Full Course for free,14532.53756,18121.0,12931.67825,0,14452.477092000003,0.9944909505535114,0.7136293940731354,0.9944909505535114,7,69.81280699999999,11.635467833333331,10.907785,0.02890066502592724,0,0.0,2,0,2,0.0,862.0625369999993,0.0,431.03126849999967,0.0,508.33807999999954,77.30681149999987,0.0,0.9999999995,0.0,0.0475725697809145,0.99999999999884,0.008257332864550639,3241.982133,0,1,0.0,14452.477092000003,0.0,0.0,0.0,0.0,1.0,1,6,7.881932,0.024771998593651916,0.9951927135812236,0.7096979744547188,0,0,0.797554058385255,0.0,0,0,0.8213403432757121
4cf30fc8-4f1c-4104-a250-ecb1fbd0a9e6,learner_006,f2EqECiTBL8,Node.js Full Course for Beginners | Complete All-in-One,11534.669802,26120.0,17299.09592,0,11511.293889,0.9979734215714657,0.6622931056661309,0.9979734215714657,3,20.021185000000003,10.010592500000001,10.010592500000001,0.015605128112800718,0,0.0,0,0,0,0.0,0.0,0.0,0.0,0.0,0.0,0.0,0.0,0.0,0.0,0.0,0.0,0.0,0.0,0,2,0.0,0.0,11511.293889,0.9999999999999131,0.0,0.10894097222222222,1.4791666666666667,3,3,2.460176,0.015605128112800718,0.9982637552722724,0.6609509167448209,0,0,0.6793287145769266,0.0,0,0,0.6793287145769266
4f10168f-264c-4ec9-bf6a-aefd34c692e4,learner_014,q_JsgpiuY98,SQL Full Course In 10 Hours | SQL Tutorial,20555.018113,36000.0,20295.79526,0,12744.574047999999,0.6200225160560227,0.5637720905555399,0.6200225160560227,2,20.668375,10.3341875,10.3341875,0.00583799047706778,0,0.0,1,0,1,0.0,1257.6976099999993,0.0,1257.6976099999993,0.0,1257.6976099999993,0.0,0.0,0.9999999989999999,0.0,0.034936044722221234,0.9999999999992049,0.00291899523853389,20553.980696,0,0,0.0,12744.574047999999,0.0,0.0,0.0,0.0,1.0,1,3,7787.715918,0.00875698571560167,0.9983808866047261,0.3495513900684097,0,0,0.35401594577776796,0.0,0,0,0.3714839681388786
518c76f8-93c9-40b5-b3f6-3deed55c9500,anfas,fWjsdhR3z3c,Learn Python in Less than 10 Minutes for Beginners (Fast &amp; Easy),507.707189,630.0,629.981,1,159.332536,0.3138276145222875,0.9999698412682541,0.3138276145222875,19,21.605471,1.08027355,0.034754,2.2453887291032166,0,0.0,19,13,5,132.26378334864057,93.53789019245112,10.17413718066466,18.707578038490222,20.94253288842011,38.82499497854229,9.177425914116688,0.6842105262797784,0.26315789472299167,0.2099425132514772,0.14847284157508356,0.4142479934942321,2.2453887291032166,14.185681,1,2,0.0,0.0,159.332536,0.9999999999937239,0.0,0.018892733564013837,1.4088235294117648,3,22,18.58537,2.599923791593198,0.88059185928316,0.3138181498794467,0,1,0.3322654476185203,0.23635670832665437,8,2,0.3435191144306189
519b460c-786d-446b-a36d-512ad19d46c1,learner_014,ix9cRaBkVe0,Python Full Course for free,800.911463,33506.0,619.007768,0,756.641666,0.9447257293145462,0.018474534948963818,0.9447257293145462,2,39.762620999999996,19.881310499999998,19.881310499999998,0.14982929516518886,1,0.49999999975,0,0,0,0.0,0.0,0.0,0.0,0.0,0.0,0.0,0.0,0.0,0.0,0.0,0.0,0.0,0.0,0,0,0.0,756.641666,0.0,0.0,0.0,0.0,1.0,1,3,3.638896,0.22474394274778328,0.9500723167240435,0.017453368503406917,0,0,0.022582273801706486,0.0,0,0,0.022582273801706486
52bcf21b-f481-4e69-a980-68db457bd467,learner_004,3LRZRSIh_KE,ReactJS Full Course | ReactJS - Learn Everything,6441.064259,16819.0,11673.18642,0,6412.337401,0.9955400448053509,0.694047590225299,0.9955400448053509,3,23.486969000000002,11.743484500000001,11.743484500000001,0.027945692320459625,0,0.0,2,2,0,2154.053575,0.0,1077.0267875,0.0,1151.7317169999997,0.0,74.70492949999971,0.9999999995,0.0,0.1280726306557983,0.0,0.0,0.018630461546973082,2612.353165,0,2,0.0,0.0,6412.337401,0.999999999999844,0.0,0.05739795918367346,1.4285714285714286,3,3,2.902227,0.027945692320459625,0.9963505888833016,0.6909521690699401,0,0,0.5987725365954812,0.0,0,0,0.5603507473987418
531e55b0-a2af-4e12-be80-d1c70dda17ab,learner_012,W6NZfCO5SIk,JavaScript Course for Beginners – Your First Step to Web,8041.887195,11275.0,8546.999439,0,8002.045546,0.9950457339135811,0.75804873073164,0.9950457339135811,5,34.556051,6.911210199999999,6.375424,0.03730467646751936,0,0.0,1,0,1,0.0,139.76537499999995,0.0,139.76537499999995,0.0,139.76537499999995,0.0,0.0,0.9999999989999999,0.0,0.012396042128602,0.9999999999928453,0.0074609352935038715,5939.539839,0,1,0.0,2284.767133,5717.278413,0.7144771146494153,0.0,0.010802469135802469,1.1944444444444444,2,4,4.252186,0.029843741174015486,0.9957001662227607,0.7542931556131234,0,0,0.8364847139023648,0.0,0,0,0.8426827349666658
5426655f-90b6-47ea-8cc6-6411450b4a1a,learner_010,S3nx34WFXjI,C++ tutorial for beginners,5383.545625,9908.0,4843.655819,0,5363.937772,0.996357817994531,0.48886312262812986,0.996357817994531,2,12.79568,6.39784,6.39784,0.022290142660147436,0,0.0,1,0,1,0.0,340.7090119999998,0.0,340.7090119999998,0.0,340.7090119999998,0.0,0.0,0.9999999989999999,0.0,0.034387264029063926,0.999999999997065,0.011145071330073718,3081.843168,0,0,0.0,5363.937772,0.0,0.0,0.0,0.0,1.0,1,3,4.084272,0.03343521399022115,0.9976201758716087,0.48708259415975635,0,0,0.5413744218812534,0.0,0,0,0.5585680538957853
558c8e78-510a-40e5-b910-c782f41294fe,yunus,p0pNnYHdVaI,C++ Projects To Try 🔥 |  #coding #javaprojectswithsourcecode #shorts,11.727942,5.021,5.021,1,5.519751,0.47064958195814327,0.9999999998008364,0.47064958195814327,1,0.0,0.0,0.0,5.115987075399995,0,0.0,1,0,1,0.0,4.612953879837036,0.0,4.612953879837036,0.0,4.612953879837036,0.0,0.0,0.9999999989999999,0.0,0.9187321009596304,0.9999999997832192,5.115987075399995,9.306612,0,0,0.0,5.519751,0.0,0.0,0.0,0.0,1.0,1,2,0.921917,10.23197415079999,0.9999999998188324,0.47064958186440703,0,1,1.0993330011751976,5.115987075399995,0,1,1.0
57301879-25fc-4107-b7eb-39be8fa4011a,learner_014,fLAfa-BQtOQ,Python Basics for Beginners | Python tutorial,8783.478975,9329.0,7356.181038,0,8684.354650000001,0.9887146852308611,0.7885283565225867,0.9887146852308611,6,92.85483199999999,15.475805333333332,17.628261,0.040986037653439125,0,0.0,3,0,3,0.0,1154.2413189999997,0.0,384.74710633333325,0.0,407.292692,16.079381774767075,0.0,0.9999999996666666,0.0,0.12372615703718255,0.9999999999991337,0.020493018826719563,3060.561516,0,0,0.0,8684.354650000001,0.0,0.0,0.0,0.0,1.0,1,4,1.178583,0.02732402510229275,0.9894209165006926,0.7796295658148376,0,0,0.9308987726443424,0.0,0,0,0.9927618511629337
595b6c57-135a-449d-9e98-382d98d7b568,learner_002,lfmg-EJ8gm4,JavaScript Full Course for free,4676.911672,17790.0,7166.800782,0,4626.538587,0.9892294127976445,0.40285558077569406,0.9892294127976445,4,42.399861,10.59996525,9.019085,0.05131591460958449,0,0.0,2,2,0,1327.1024000000002,0.0,663.5512000000001,0.0,835.6137840000001,0.0,172.06258400000002,0.9999999995,0.0,0.0745982237211875,0.0,0.0,0.025657957304792246,2644.548728,0,5,0.0,0.0,4626.538587,0.9999999999997837,0.0,0.1065759637188209,1.4404761904761905,5,4,5.608378,0.05131591460958449,0.9909187363523385,0.3985165896129939,0,0,0.38748104886169826,0.0,0,0,0.365101581745342
5a052ea0-9503-4fe5-aaa9-96fe7ce4b2ae,learner_012,xTtL8E4LzTQ,Java Full Course for free,18146.028165,18709.0,18709.0,1,18112.363591999998,0.9981447966081122,0.9999999999999465,0.9981447966081122,2,25.555283,12.7776415,12.7776415,0.006613017400196636,0,0.0,2,0,2,0.0,73.09428199999911,0.0,36.547140999999556,0.0,59.563161999999465,23.01602099999991,0.0,0.9999999995,0.0,0.003906904805173724,0.9999999999863189,0.006613017400196636,6669.404752,0,0,0.0,18112.363591999998,0.0,0.0,0.0,0.0,1.0,1,4,5.229134,0.013226034800393272,0.9985910575972294,0.9981447966080588,0,1,0.9681096580254973,0.003306508700098318,0,1,0.9700631104280841
5cc91c0b-434c-453d-a370-2508c7a66dce,yunus,WoaMeKdZBA8,C++ vs Python: Hello World Program | Coding Shorts #coding #javascript #python,352.306325,10.0,9.541,1,19.52622,0.05542398365951725,0.95409999990459,0.05542398365951725,2,2.194731,2.194731,2.194731,0.34061267557306335,0,0.0,1,0,1,0.0,9.321110127792359,0.0,9.321110127792359,0.0,9.321110127792359,0.0,0.0,0.9999999989999999,0.0,0.9321110126860248,0.9999999998927166,0.17030633778653168,351.971907,0,0,0.0,19.52622,0.0,0.0,0.0,0.0,1.0,1,4,2.8690949999999997,0.6812253511461267,0.8989578770791868,0.05288002280425741,0,1,1.9526219998047376,0.17030633778653168,0,1,1.0
5da9278c-06ff-4c99-8171-fc8a31578e44,learner_013,CgkZ7MvWUAA,React Full Course for free,25664.198528,27915.0,22995.35093,0,25622.415428,0.9983719304557509,0.8237632430592576,0.9983719304557509,4,29.691767,9.897255666666666,11.630011,0.009351548607200631,0,0.0,3,0,3,0.0,2228.7349239999985,0.0,742.9116413333328,0.0,1113.906429999999,513.8072512730638,0.0,0.9999999996666666,0.0,0.07984004742969437,0.9999999999995514,0.0070136614554004734,4948.523966,0,1,0.0,25622.415428,0.0,0.0,0.0,0.0,1.0,1,4,5.789516999999999,0.009351548607200631,0.9988425213267943,0.822422099211561,0,1,0.9178726644456057,0.0,0,0,0.9577926881604528
63e4b163-9f08-42f1-8532-1f9dbdcbdfe8,learner_002,yE6tIle64tU,SQL Tutorial for Beginners (Complete Course using MySQL),10528.666767,9274.0,9274.0,1,10389.314689,0.9867645086424657,0.9999999999998921,0.9867645086424657,10,113.60920499999999,11.3609205,11.688713,0.05698727229901138,0,0.0,2,0,2,0.0,635.2709170000016,0.0,317.6354585000008,0.0,351.90557400000125,34.27011550000043,0.0,0.9999999995,0.0,0.06850020670691537,0.9999999999984259,0.011397454459802276,5621.402063,0,1,0.0,8023.535888,2365.7788010000004,0.22771269056895657,0.0,0.012755102040816327,1.0714285714285714,2,9,21.340234,0.051288545069110236,0.9891830878574782,0.9867645086423592,0,1,1.1840370270917422,0.0,0,0,1.0
64d764f6-8075-4cf5-9305-db56601f1fee,learner_017,JZXQ455OT3A,Introduction to Node JS | Node.js Tutorials for Beginners,746.149987,1606.0,331.315773,0,721.4879040000001,0.9669475528638362,0.20629873785790392,0.9669475528638362,3,17.653351,5.884450333333334,5.8652239999999995,0.2412383610823888,0,0.0,1,1,0,100.352137,0.0,100.352137,0.0,100.352137,0.0,0.0,0.9999999989999999,0.0,0.062485764009923735,0.0,0.0,0.08041278702746293,247.12087,0,4,0.0,0.0,721.4879040000001,0.999999999998614,0.0,0.14878892733564017,1.5441176470588236,4,4,5.229475,0.32165114810985174,0.9761164041628604,0.19948005973059824,0,0,0.760806890877484,0.0,0,0,0.7420611616745069
696cd9a4-6fcb-42f7-99ab-50094823aa38,learner_004,g09PoiCob4Y,"Backend Complete Course | NodeJS, ExpressJS, JWT",5765.06677,11913.0,5537.969912,0,5714.94781,0.9913064389363538,0.46486778410136276,0.9913064389363538,3,45.456789,22.7283945,22.7283945,0.031222535172498383,1,0.3333333332222222,0,0,0,0.0,0.0,0.0,0.0,0.0,0.0,0.0,0.0,0.0,0.0,0.0,0.0,0.0,0.0,0,0,0.0,5714.94781,0.0,0.0,0.0,0.0,1.0,1,3,3.3292010000000003,0.031222535172498383,0.9921087506580903,0.4608264276337557,0,0,0.4797236472760446,0.0,0,0,0.4797236472760446
6a2af669-6955-4eb1-a060-3825871881cd,anfas,AQJbHAeUhzM,How to MASTER Python for FREE,108.451499,43.0,42.321,1,33.430575,0.3082536922766899,0.9842093023026929,0.3082536922766899,1,3.488953,3.488953,3.488953,0.5532426985338896,0,0.0,2,1,1,5.338256940872192,3.4151030057220453,5.338256940872192,3.4151030057220453,5.338256940872192,3.4151030057220453,0.9615769675750734,0.49999999975,0.49999999975,0.12414551024995459,0.07942100013122383,0.39014767199887035,1.1064853970677793,44.310807,0,0,0.0,33.430575,0.0,0.0,0.0,0.0,1.0,1,4,1.8773440000000001,2.2129707941355585,0.9054984397171736,0.30338615140786995,0,1,0.7774552325400592,0.5532426985338896,0,1,0.7799220795306848
707ec57c-ad3e-4d5e-8db3-75dba9b44b2d,learner_006,GQp1zzTwrIg,C++ FULL COURSE For Beginners (Learn C++ in 10 hours),23904.426972,36000.0,26814.98978,0,23866.854224,0.9984282096347672,0.7448608272222016,0.9984282096347672,4,32.980526,10.993508666666665,9.982344,0.010039981308923116,0,0.0,0,0,0,0.0,0.0,0.0,0.0,0.0,0.0,0.0,0.0,0.0,0.0,0.0,0.0,0.0,0.0,0,2,0.0,9497.118859999999,14369.735364,0.602079152498845,0.0,0.015625,1.125,2,5,3.6245019999999997,0.012549976636153894,0.9986200521323271,0.7436900621505343,0,0,0.7627580018055343,0.0,0,0,0.7627580018055343
718c9633-05cc-4947-b395-b6a98f39207e,learner_012,xxRAA0v2lvM,React Tutorial For Beginners,1531.435533,4785.0,1784.820095,0,1486.6067179999998,0.9707275859577623,0.3730031546498698,0.9707275859577623,4,35.193381,8.79834525,7.428791499999999,0.15671570550570282,0,0.0,2,2,0,410.3733460000001,0.0,205.18667300000004,0.0,242.48406999999997,0.0,37.29739699999993,0.9999999995,0.0,0.08576245475442305,0.0,0.0,0.07835785275285141,404.856589,1,4,0.0,0.0,1486.6067179999998,0.9999999999993273,0.0,0.1337868480725624,1.5952380952380953,4,5,4.883928000000001,0.19589463188212852,0.976873847607118,0.36208445186789795,0,0,0.5258956804074135,0.0,0,0,0.5001669439810866
71db471e-85d7-4ebb-b09b-ac76e368dedb,learner_016,O9v10jQkm5c,Data Structures Explained for Beginners,11927.852231,12313.0,11098.14808,0,11823.461697,0.9912481700829857,0.9013358304230569,0.9912481700829857,7,94.00917299999999,15.668195499999998,16.5738845,0.035211703822614814,0,0.0,2,0,2,0.0,174.46296299999926,0.0,87.23148149999963,0.0,115.53221099999996,28.30072950000033,0.0,0.9999999995,0.0,0.014169005360187208,0.9999999999942681,0.010060486806461376,1425.899779,0,0,0.0,11823.461697,0.0,0.0,0.0,0.0,1.0,1,7,6.88434,0.035211703822614814,0.9921116506995085,0.8934474925370834,0,1,0.9602421584503403,0.0,0,0,0.967326661130434
72b2fb8d-7c57-463f-b3b9-4b48ebb70523,learner_011,Vl0H-qTclOg,Microsoft Excel Tutorial for Beginners - Full Course,18989.810358,18180.0,16163.82506,0,18902.064831,0.9953793363205425,0.8890992882287739,0.9953793363205425,6,72.7405,14.5481,16.36879,0.01895753528929805,0,0.0,4,0,4,0.0,2158.618802000001,0.0,539.6547005000002,0.0,901.8193000000001,305.60569083612756,0.0,0.99999999975,0.0,0.11873590770076359,0.9999999999995367,0.012638356859532032,1711.191944,1,0,0.0,18902.064831,0.0,0.0,0.0,0.0,1.0,1,5,6.607163,0.01579794607441504,0.9961664692347512,0.8849910594402237,0,1,1.0397175374586887,0.0,0,0,1.0
76842b82-dddb-41c6-95d9-e5da0ea48ecf,learner_004,SSKVgrwhzus,SQL Full Course for Beginners (30 Hours) – From Zero to Hero,94032.315353,108000.0,91941.31169,0,93974.30282099999,0.9993830574969549,0.8513084415740662,0.9993830574969549,5,51.45428,12.86357,12.334832500000001,0.003190392567423231,0,0.0,1,0,1,0.0,1656.694829999993,0.0,1656.694829999993,0.0,1656.694829999993,0.0,0.0,0.9999999989999999,0.0,0.015339766944444238,0.9999999999993964,0.0006380785134846462,87493.472659,0,0,0.0,93974.30282099999,0.0,0.0,0.0,0.0,1.0,1,3,3.417351,0.0019142355404539386,0.9994527639916184,0.850783233213258,0,1,0.8701324335277696,0.0,0,0,0.8778023169999917
7d5ce1cf-c093-41f5-9ec2-a8b1b9a1f9da,moulana,t54pgbVy6t0,Java - Introduction - W3Schools.com,0.0,93.0,0.0,0,0.0,0.0,0.0,0.0,0,0.0,0.0,0.0,0.0,0,0.0,0,0,0,0.0,0.0,0.0,0.0,0.0,0.0,0.0,0.0,0.0,0.0,0.0,0.0,0.0,0.0,0,0,0.0,0.0,0.0,0.0,0.0,0.0,1.0,1,0,0.0,0.0,0.0,0.0,0,0,0.0,0.0,0,0,0.0
81bb8c5f-f569-4f29-a3b6-b9ce3cee2a35,learner_009,yGl3f0xTl_0,Node JS Tutorial For Beginners 2025 | Node JS Backend,909.56013,9515.0,1556.02074,0,866.736734,0.9529185651519786,0.16353344613766016,0.9529185651519786,3,38.718599999999995,19.359299999999998,19.359299999999998,0.19789785639364615,0,0.0,1,1,0,634.039446,0.0,634.039446,0.0,634.039446,0.0,0.0,0.9999999989999999,0.0,0.06663577992642494,0.0,0.0,0.0659659521312154,447.32254,1,2,0.0,0.0,866.736734,0.9999999999988463,0.0,0.09852430555555554,1.5208333333333333,3,2,1.425599,0.1319319042624308,0.9572385312151055,0.1558340568478575,0,0,0.15463198342089812,0.0,0,0,0.13464124944297065
84d8cfa8-8be9-489a-851f-fe4f7c02f96e,anfas,WCM65ION4nE,Python Syllabus | Python for Beginners | Complete Python Course #pythonlearning,27.787706,5.0,4.581,1,4.519522,0.16264466019027823,0.91619999981676,0.16264466019027823,0,0.0,0.0,0.0,0.0,0,0.0,0,0,0,0.0,0.0,0.0,0.0,0.0,0.0,0.0,0.0,0.0,0.0,0.0,0.0,0.0,0.0,0,0,0.0,4.519522,0.0,0.0,0.0,0.0,1.0,1,1,0.937949,2.159228252610932,0.9999999997787377,0.14901503763652993,0,0,0.9039043998192191,0.0,0,0,0.9039043998192191
84f34c30-636e-423f-940b-fa57b6f1e185,learner_001,zOjov-2OZ0E,Introduction to Programming and Computer Science - Full Course,1988.074986,1909.0,1640.508381,0,1959.753517,0.9857543255659745,0.8593548355155268,0.9857543255659745,3,22.542415,11.2712075,11.2712075,0.09053984445361742,0,0.0,2,0,2,0.0,75.40298899999999,0.0,37.701494499999995,0.0,40.67478799999998,2.9732934999999827,0.0,0.9999999995,0.0,0.03949868465162938,0.9999999999867378,0.06035989630241161,434.209128,0,1,0.0,1959.753517,0.0,0.0,0.0,0.0,1.0,1,3,3.1658640000000005,0.09053984445361742,0.9886281283046146,0.8471127463054672,0,1,1.026586441591919,0.0,0,0,1.0
85075c6e-5757-476e-bc1d-e375086c1e7f,learner_006,MBlkKE0GYGg,HTML and CSS For Absolute Beginners | 2024 Crash Course,6200.614565,5644.0,5214.86287,0,6106.51707,0.984824488925319,0.9239657813605733,0.984824488925319,7,85.42073699999999,14.236789499999999,14.1326775,0.06773522133865063,0,0.0,1,0,1,0.0,146.40572700000007,0.0,146.40572700000007,0.0,146.40572700000007,0.0,0.0,0.9999999989999999,0.0,0.025940065024800518,0.9999999999931697,0.009676460191235805,1625.046732,0,0,0.0,6106.51707,0.0,0.0,0.0,0.0,1.0,1,6,7.0659,0.058058761147414824,0.9862045227740468,0.9099441284129096,0,1,1.0819484532244716,0.0,0,0,1.0
86594252-7a2b-41cb-ad91-2d44e974d1ec,learner_011,ERCMXc8x7mc,Python Tutorial for Beginners - Full Course,13110.245043,21838.0,14380.71914,0,13009.324106,0.9923021319075284,0.6585181399395247,0.9923021319075284,5,92.517307,23.12932675,23.338487999999998,0.02288286748376279,1,0.19999999996,2,2,0,1896.113116,0.0,948.056558,0.0,966.2961389999996,0.0,18.23958099999959,0.9999999995,0.0,0.086826317245165,0.0,0.0,0.009153146993505116,3739.622285,0,0,0.0,13009.324106,0.0,0.0,0.0,0.0,1.0,1,5,4.90399,0.02288286748376279,0.9929386027441002,0.6534489541617704,0,0,0.5957195762432185,0.0,0,0,0.5696716810696689
87825062-390b-4b47-bf52-428269c8986a,yunus,uNtoyXJ1VDc,"UML Use Case Diagram Tutorial | Definition, Symbols and More",628.204964,535.0,534.081,1,167.64931,0.2668703999603116,0.9982822429887883,0.2668703999603116,5,0.20427,0.040854,0.018547,0.47755114518857406,0,0.0,12,11,1,195.70783155599207,101.09589997615811,17.791621050544734,101.09589997615811,38.08740913828274,101.09589997615811,26.50879444561349,0.9166666665902777,0.08333333332638888,0.3658090309450958,0.18896429902050307,0.3406153266805092,1.1461227484525778,5.517786,1,1,0.0,2.08759,165.56172,0.9875478759740345,0.0,0.014792899408284032,1.1538461538461537,2,10,7.960772,0.9551022903771481,0.9987830465039901,0.2664119814596949,1,1,0.39072848598057813,0.0,5,0,0.3754679262073009
8806c929-cdaf-4044-994b-72cf288da01f,learner_008,eIrMbAQSU34,Java Full Course for Beginners,10014.403169,8858.0,6806.369504,0,9987.144292,0.9972780327952666,0.7683867130276848,0.9972780327952666,4,20.361254,6.787084666666666,7.192414,0.023965482110955155,0,0.0,2,0,2,0.0,593.7212399999999,0.0,296.8606199999999,0.0,416.47083399999974,119.61021399999981,0.0,0.9999999995,0.0,0.06702655678481968,0.9999999999983157,0.011982741055477577,3582.601322,0,2,8860.778966000002,1126.365326,0.0,0.0,0.8872184787694377,0.013888888888888888,0.8333333333333334,2,2,2.3240309999999997,0.011982741055477577,0.9979654016770306,0.7662951895942706,0,0,0.8773932660306076,0.0,0,0,0.9109065444230174
884ced1e-daca-46ff-ad81-6922c3c92cb9,learner_002,K5KVEU3aaeQ,Python Full Course for Beginners,6961.911585,15948.0,9307.488122,0,6881.484087999999,0.9884474980730469,0.5836147555806005,0.9884474980730469,6,74.65384999999999,14.930769999999999,13.976896,0.05170993564074362,0,0.0,2,2,0,1053.3371220000004,0.0,526.6685610000002,0.0,923.7148990000005,0.0,397.04633800000033,0.9999999995,0.0,0.06604822686229836,0.0,0.0,0.017236645213581207,2685.574671,0,3,0.0,2655.8487029999997,4225.635385,0.6140587307857168,0.0,0.12250000000000001,1.3,4,2,3.345158,0.017236645213581207,0.9892679169581773,0.5768725449921573,0,0,0.5624794744011437,0.0,0,0,0.5426650063424542
8ad0934c-c9c5-44bc-8af0-936d7b4e77ef,learner_011,vLnPwxZdW4Y,C++ Tutorial for Beginners - Full Course,12232.245763,15454.0,13340.85071,0,12197.577062,0.9971657942725559,0.8632619845994006,0.9971657942725559,4,25.916745,8.638914999999999,3.978495,0.01962027289582203,0,0.0,1,0,1,0.0,62.93022199999996,0.0,62.93022199999996,0.0,62.93022199999996,0.0,0.0,0.9999999989999999,0.0,0.00407209926232664,0.9999999999841095,0.004905068223955507,6002.967237,0,2,0.0,5975.665783,6221.911279,0.5100940332144376,0.0,0.0146484375,1.09375,2,4,5.286201,0.01962027289582203,0.9978797596325399,0.8608153225383642,0,1,0.8899349606412005,0.0,0,0,0.8919710102723638
8b825810-4ab5-49a9-9b43-6722c0c569e4,yunus,MNeX4EGtR5Y,C++ in 100 Seconds,513.94306,166.0,165.321,1,196.59459900000002,0.3825221397086625,0.9959096385482175,0.3825221397086625,6,8.155629000000001,1.1650898571428574,0.221564,0.7004667014240293,0,0.0,3,1,2,10.782836022888183,58.24479696948242,10.782836022888183,29.12239848474121,10.782836022888183,48.73592089509583,18.19896416659572,0.3333333332222222,0.6666666664444444,0.0649568435109833,0.35087227089838285,0.8437895730116697,0.35023335071201467,208.533971,0,3,0.0,174.39512200000001,22.199476999999998,0.11292007569285806,0.0,0.036818771626297576,1.0955882352941178,3,10,4.786715999999999,1.1674445023733824,0.9601679124823238,0.3809574858939448,0,1,1.244225816257565,0.11674445023733823,0,1,1.0
8c2a2054-cd6e-4ac4-968b-5fee5985dbf0,learner_015,pReR6Z9rK-o,Learn C# Beginner FREE Tutorial Course!,8834.549148,7910.0,7910.0,1,8772.808537,0.9930114587664081,0.9999999999998735,0.9930114587664081,6,54.181503,9.0302505,8.3373315,0.040749108298192366,0,0.0,1,0,1,0.0,371.144362,0.0,371.144362,0.0,371.144362,0.0,0.0,0.9999999989999999,0.0,0.04692090543615083,0.9999999999973057,0.006791518049698728,7666.513649,0,2,3057.0203490000004,4549.051115,1166.737073,0.13299470381452677,0.34846541288419,0.024305555555555552,0.9583333333333334,3,5,6.234403000000001,0.03395759024849364,0.9938618370752128,0.9930114587662825,0,1,1.0493347304676297,0.0,0,0,1.0
8c8278c7-aad0-4850-8f90-13744c481516,learner_010,xwI5OBEnsZU,Data Structures and Algorithms Mega Course – Master,6466.074327,5772.0,5772.0,1,6412.139843999999,0.9916588519906457,0.9999999999998267,0.9916588519906457,4,45.585356000000004,11.396339000000001,12.7262025,0.037116801920389214,0,0.0,0,0,0,0.0,0.0,0.0,0.0,0.0,0.0,0.0,0.0,0.0,0.0,0.0,0.0,0.0,0.0,0,1,0.0,6412.139843999999,0.0,0.0,0.0,0.0,1.0,1,5,7.769723000000001,0.04639600240048652,0.992940957598971,0.9916588519904739,0,0,1.1109043388771462,0.0,0,0,1.0
8dc9e6b5-3824-466a-bd9e-d96590f66058,learner_006,JnxUsIeTJsM,Machine Learning Full Course 2026 | Machine Learning,2234.082886,16377.0,4577.690721,0,2183.2426960000003,0.9772433734130591,0.2795194920314905,0.9772433734130591,5,41.345267,10.33631675,9.300547,0.13428328996739963,0,0.0,4,4,0,2081.1590739999997,0.0,520.2897684999999,0.0,1080.021538,0.0,363.13733408258327,0.99999999975,0.0,0.12707816291139234,0.0,0.0,0.1074266319739197,518.690427,1,4,0.0,0.0,2183.2426960000003,0.9999999999995419,0.0,0.11200378071833646,1.5869565217391304,4,4,4.53111,0.1074266319739197,0.9814144157530976,0.2731585713275585,0,0,0.22396075839590743,0.0,0,0,0.18583730952248972
920c3852-6379-406e-b7ab-359e3d28480d,learner_017,BSVKUk58K6U,"OOP 1 | Introduction & Concepts - Classes, Objects",394.155446,999.0,244.160937,0,372.290919,0.9445281621176825,0.24440534234209768,0.9445281621176825,1,19.071167,19.071167,19.071167,0.15222420646413332,0,0.0,0,0,0,0.0,0.0,0.0,0.0,0.0,0.0,0.0,0.0,0.0,0.0,0.0,0.0,0.0,0.0,0,1,0.0,0.0,372.290919,0.9999999999973139,0.0,0.015625,1.125,2,3,2.6942790000000003,0.45667261939239995,0.9512697635177894,0.23084772881412455,0,0,0.46582947822776194,0.0,0,0,0.46582947822776194
9298cab6-5766-4c06-b219-ad82199125ab,learner_013,mJgBOIoGihA,HTML Full Course for Beginners | Complete All-in-One,20397.579848,23373.0,19401.62116,0,20363.048326999997,0.998307077542614,0.8300869019808825,0.998307077542614,3,28.113236,14.056618,14.056618,0.008824576314484665,0,0.0,1,0,1,0.0,567.5766700000004,0.0,567.5766700000004,0.0,567.5766700000004,0.0,0.0,0.9999999989999999,0.0,0.024283432593162027,0.9999999999982382,0.0029415254381615547,15957.284064,0,0,0.0,20363.048326999997,0.0,0.0,0.0,0.0,1.0,1,3,4.076016,0.008824576314484665,0.9986213028662373,0.8286816292229372,0,1,0.8712209954648151,0.0,0,0,0.8833627117613961
949d4a77-4857-4491-8dfc-efc37b75bb82,moulana,RRubcjpTkks,Learn Java in 14 Minutes (seriously),1161.394875,840.0,839.801,1,211.623704,0.1822151178339045,0.9997630952369051,0.1822151178339045,5,3.301457,0.6602914,0.067912,0.2583100773408368,0,0.0,20,18,2,165.769596464615,229.44802073773963,9.209422025811945,114.72401036886981,77.46006593103448,118.48412579496005,35.62801575845372,0.899999999955,0.099999999995,0.1973447576957353,0.27315240563984106,0.5805612167832078,1.033240309363347,6.844669,1,2,0.0,3.4175499999999994,208.206154,0.9838508166316574,0.0,0.03987921699291962,1.219387755102041,3,10,5.162428,0.5166201546816735,0.9846390390700481,0.18217195020458177,0,1,0.32483419196389907,0.0,8,0,0.36563076465517846
959281f3-de97-4e48-9af0-a91eb334f8ef,learner_004,GhQdlIFylQ8,C# Tutorial - Full Course for Beginners,27695.450371,25104.0,25104.0,1,27611.725749000005,0.9969769539444406,0.9999999999999601,0.9969769539444406,6,76.328459,12.721409833333333,14.3926025,0.01299852485432688,0,0.0,1,0,1,0.0,483.9318480000002,0.0,483.9318480000002,0.0,483.9318480000002,0.0,0.0,0.9999999989999999,0.0,0.019277081261949526,0.9999999999979337,0.0021664208090544797,4052.631137,0,2,12241.70889,15370.016858999998,0.0,0.0,0.44335182093581765,0.0146484375,0.90625,2,5,4.892791000000001,0.010832104045272399,0.9972432711079082,0.9969769539444009,0,1,0.9779835295769208,0.0,0,0,0.9876220702078956
97bb5306-18e4-4791-84f8-7b7473ad951a,amri,6XrL5jXmTwM,UML class diagrams,781.892813,744.0,743.701,1,141.691501,0.18121601662531048,0.9995981182782264,0.18121601662531048,5,1.094592,0.2189184,0.11319,0.38368430427941397,0,0.0,10,9,1,99.37907987030019,110.2888498722076,11.04211998558891,110.2888498722076,50.863369994277946,110.2888498722076,33.085410641537486,0.89999999991,0.09999999999,0.13357403208355728,0.14823770144094,0.5260167828581453,0.7673686085588279,12.258732,1,0,0.0,141.691501,0.0,0.0,0.0,0.0,1.0,1,10,3.7734560000000004,0.7673686085588279,0.9923340433371733,0.18114318922053615,0,1,0.19044556585995906,0.0,4,0,0.22449220695536187
989731bb-b12d-4c04-90dc-5492c8f56f14,ali hussain,a9u2yZvsqHA,How To Use GitHub For Beginners,27.246773,629.0,0.0432820839233398,0,19.104667,0.7011717313936159,6.881094423413512e-05,0.7011717313936159,0,0.0,0.0,0.0,0.0,0,0.0,0,0,0,0.0,0.0,0.0,0.0,0.0,0.0,0.0,0.0,0.0,0.0,0.0,0.0,0.0,0.0,0,0,0.0,19.104667,0.0,0.0,0.0,0.0,1.0,1,1,0.695791,2.2020956341462625,0.9999999999476568,4.8248288907478076e-05,0,0,0.030373079491207673,0.0,0,0,0.030373079491207673
9ba15772-8cc8-4e64-81c6-98f04b14d416,learner_010,kqtD5dpn9C8,Python for Beginners - Learn Coding with Python in 1 Hour,1662.660885,3600.0,2168.682286,0,1622.6209410000001,0.9759181536281971,0.6024117461109438,0.9759181536281971,4,30.465192000000002,10.155064000000001,12.752452,0.14434693337441398,0,0.0,2,2,0,331.239948,0.0,165.619974,0.0,223.22722900000008,0.0,57.607255000000066,0.9999999995,0.0,0.09201109666664112,0.0,0.0,0.07217346668720699,769.370958,0,3,0.0,0.0,1622.6209410000001,0.9999999999993837,0.0,0.18229166666666666,1.625,3,4,5.054095,0.14434693337441398,0.981570717101296,0.5879045589885306,0,0,0.7445084614581264,0.0,0,0,0.7169051324581341
9caf35ad-ba01-41f4-bb93-20b283071319,anfas,DSshk8M-ZXE,C++ Vs Python,0.0,0.0,0.0,0,0.0,0.0,0.0,0.0,0,0.0,0.0,0.0,0.0,0,0.0,0,0,0,0.0,0.0,0.0,0.0,0.0,0.0,0.0,0.0,0.0,0.0,0.0,0.0,0.0,0.0,0,0,0.0,0.0,0.0,0.0,0.0,0.0,1.0,1,0,0.0,0.0,0.0,0.0,0,0,0.0,0.0,0,0,0.0
a18e3390-fbda-4142-919a-e7ce383aab8e,learner_008,qCIFuoN32cM,Database Design Step-By-Step Tutorial for Beginners,6757.439659,7210.0,5893.448123,0,6681.803461999999,0.9888069741177411,0.8173991848819948,0.9888069741177411,7,63.279159,10.5465265,13.312358,0.06215371815224237,0,0.0,1,0,1,0.0,298.6120770000007,0.0,298.6120770000007,0.0,298.6120770000007,0.0,0.0,0.9999999989999999,0.0,0.04141637683771973,0.9999999999966512,0.008879102593177481,5285.234771,0,0,0.0,6681.803461999999,0.0,0.0,0.0,0.0,1.0,1,5,7.969237,0.0443955129658874,0.9906184753313505,0.8082500146494733,0,1,0.9267411181690807,0.0,0,0,0.9474493065879406
a1c9d578-725e-42f3-9c86-abe2d860c0c3,learner_014,32M1al-Y6Ag,Node.js Crash Course,6888.93828,6132.0,6132.0,1,6819.223352,0.9898801636525926,0.9999999999998368,0.9898801636525926,7,58.511498,8.358785428571428,6.752502,0.06096730481904418,0,0.0,2,0,2,0.0,356.51343499999996,0.0,178.25671749999998,0.0,208.43596200000002,30.17924450000004,0.0,0.9999999995,0.0,0.05813982958250845,0.9999999999971951,0.017419229948298337,733.876888,0,2,0.0,5176.164484,1643.058868,0.24094516093505997,0.0,0.011444708680142685,1.0603448275862069,2,7,8.437202000000001,0.06096730481904418,0.9914926208588876,0.989880163652431,0,1,1.1790587196671267,0.0,0,0,1.0
a425090a-4cb3-446d-a665-c90723e9c605,learner_017,vA5TTz6BXhY,Git & GitHub Crash Course 2025,6837.422846,5256.0,4786.204221,0,6788.745806,0.9928807913306882,0.9106172414381828,0.9928807913306882,6,40.928762,8.1857524,8.915568,0.052651416784534034,0,0.0,2,0,2,0.0,363.57727199999994,0.0,181.78863599999997,0.0,191.70410199999992,9.915465999999952,0.0,0.9999999995,0.0,0.0691737579908544,0.9999999999972495,0.017550472261511345,932.29799,0,3,5519.420918,0.0,1269.3248879999999,0.18697487345570718,0.8130251265441454,0.024922520661157025,0.8295454545454546,3,4,3.5825810000000002,0.03510094452302269,0.9940072163624365,0.9041343672785113,0,1,1.0894638124997926,0.0,0,0,1.0
a54f4b92-ee24-491d-9c62-967b81f642a4,learner_001,zKddJjNc0_s,Learn C++ in 1 Hour | Full C++ Crash Course for Beginners,3373.240652,3600.0,2981.474105,0,3320.976916,0.9845063719453289,0.8281872513886588,0.9845063719453289,5,44.15206499999999,11.038016249999998,10.390576,0.08893524979215267,0,0.0,2,0,2,0.0,58.069524,0.0,29.034762,0.0,42.808446,13.773684000000003,0.0,0.9999999995,0.0,0.016130423333328852,0.9999999999827793,0.035574099916861064,2099.037348,0,0,0.0,3320.976916,0.0,0.0,0.0,0.0,1.0,1,5,4.491840999999999,0.08893524979215267,0.9868795326270478,0.8153556261560225,0,1,0.9224935877775216,0.0,0,0,0.930558799444186
a5e12fbd-d636-4e60-9e3e-6999f48a6380,learner_013,8MmMm2-kJV8,Java Data Structures Tutorial,4392.287375,4669.0,3652.747601,0,4365.162809999999,0.9938245012939311,0.7823404585562684,0.9938245012939311,4,20.990302,6.996767333333334,5.832237,0.054641233486395345,0,0.0,2,0,2,0.0,240.34477299999958,0.0,120.17238649999979,0.0,212.67648499999973,92.50409849999994,0.0,0.9999999995,0.0,0.05147671300063141,0.9999999999958393,0.027320616743197672,1724.131606,0,2,0.0,4365.162809999999,0.0,0.0,0.0,0.0,1.0,1,3,2.753267,0.04098092511479651,0.9952144164909408,0.7775091160667489,0,0,0.9349245684298702,0.0,0,0,0.9606629249301859
a60c53de-3b38-4fdd-a1ef-cabd974cda60,learner_004,Ez8F0nW6S-w,Complete Git and GitHub Tutorial for Beginners,4690.607026,8930.0,5894.343392,0,4671.626488,0.9959535007098682,0.6600608501678992,0.9959535007098682,2,17.129522,17.129522,17.129522,0.02558304273483281,0,0.0,1,1,0,565.3521929999997,0.0,565.3521929999997,0.0,565.3521929999997,0.0,0.0,0.9999999989999999,0.0,0.06330931612541281,0.0,0.0,0.012791521367416405,1712.134418,0,2,0.0,0.0,4671.626488,0.9999999999997858,0.0,0.013888888888888888,1.1666666666666667,2,1,0.53135,0.012791521367416405,0.9963466808755961,0.6573899144062509,0,0,0.6539230806270263,0.0,0,0,0.6349302857894025
a615098c-b15b-4238-a77a-d69acdd47594,learner_009,Eb3lOiukwAQ,HTML & CSS Full Course | Web Development for Beginners,16138.533178,19793.0,15053.00193,0,16011.827597000001,0.9921488787361595,0.7605214939624736,0.9921488787361595,12,101.657887,9.241626090909092,10.174529,0.044613719974181114,0,0.0,5,0,5,0.0,2429.8889469999995,0.0,485.9777893999999,0.0,953.6847610000002,308.6413475417708,0.0,0.9999999998,0.0,0.12276506578082537,0.9999999999995884,0.01858904998924213,2629.964293,0,2,0.0,5380.903181,10630.924416,0.663941973618999,0.0,0.013888888888888888,1.1666666666666667,2,8,14.787875,0.02974247998278741,0.9936911298860861,0.7545505474896171,0,0,0.9432404739553912,0.0,0,0,1.0
a6fe985b-d7e7-487e-8a5a-92e4084e8beb,anfas,Ro_MScTDfU4,Learn Python in Only 30 Minutes (Beginner Tutorial),1064.357852,1842.0,1841.661,1,381.5239389999999,0.35845457266344427,0.9998159609115094,0.35845457266344427,31,7.511819999999998,0.24231677419354838,0.067606,1.7475325581523946,0,0.0,23,15,8,374.7860599518389,86.63417659278122,24.985737330122596,10.829272074097652,95.29831397854232,19.479284930858682,24.21314522052528,0.6521739130151228,0.3478260869413989,0.20346691636896605,0.0470326691600077,0.18775547696251893,1.296556414113067,24.864401,1,2,0.0,175.76946999999998,205.75446900000003,0.539296353300286,0.0,0.1850433349609375,1.55859375,3,38,31.738131000000003,2.142136684186806,0.9806911837094628,0.358388603010626,0,1,0.30933508930493525,0.3946041260344117,3,7,0.2718113489742493
a701f003-be9d-449a-9c4a-0bb018440052,learner_007,ZPxrO1F5JZg,C# Full Course 2025 | Basic to Advanced in One Video,31289.5608,33633.0,23828.65634,0,31174.983008,0.9963381463634671,0.7084903618469746,0.9963381463634671,8,101.15607800000001,14.450868285714288,15.534929,0.015340579660647701,0,0.0,3,0,3,0.0,4184.946675000002,0.0,1394.9822250000007,0.0,1644.8617550000008,234.2440629242578,0.0,0.9999999996666666,0.0,0.12442977655873333,0.999999999999761,0.005752717372742888,9094.071591,0,1,10638.130578,20536.85243,0.0,0.0,0.3412393384551242,0.009430727023319619,0.9537037037037037,2,6,8.224005,0.011505434745485776,0.9967657108275786,0.7058959738389967,0,0,0.8478414165700102,0.0,0,0,0.9100563048493768
a731b8c1-d4d9-4373-a9f1-322f1edfd9c4,moulana,l9AzO1FMgM8,Java in 100 Seconds,180.13549,145.0,144.461,1,86.029449,0.47758189682400964,0.9962827586138189,0.47758189682400964,8,1.187635,0.148454375,0.0885615,2.6646609162920663,0,0.0,7,4,3,9.359486580383294,25.871716196456912,2.3398716450958235,8.623905398818971,2.8281397444152745,9.556189251770022,3.218571106390854,0.5714285713469388,0.4285714285102041,0.06454818331254308,0.17842562893985164,0.7343409863012046,2.3315783017555582,34.07824,0,0,0.0,86.029449,0.0,0.0,0.0,0.0,1.0,1,9,5.169028999999999,2.9977435308285747,0.9863830003650846,0.47580660963184457,0,1,0.5933065448234944,0.9992478436095249,1,3,0.6631549042996573
a74277bb-7e8e-4e4f-b550-969c805f9439,learner_008,CvUiKWv2-C0,Git Tutorial for Absolute Beginners,4196.904586,3377.0,3377.0,1,4125.609921,0.9830125599617378,0.9999999999997039,0.9830125599617378,5,62.785354999999996,12.557070999999999,13.536091,0.07148125334953973,0,0.0,2,0,2,0.0,171.7767689999996,0.0,85.8883844999998,0.0,98.14766899999995,12.259284500000149,0.0,0.9999999995,0.0,0.05086667722829397,0.9999999999941785,0.02859250133981589,2382.662004,0,1,0.0,3378.466526,747.143395,0.18109889429845077,0.0,0.007360537190082644,1.0340909090909092,2,5,5.759834,0.07148125334953973,0.9850096872755174,0.9830125599614467,0,1,1.2769901598308333,0.0,0,0,1.0
a7a0002f-55ed-4679-bf09-70948c8dac83,learner_007,wbJcJCkBcMg,Excel for Beginners - The Complete Course,382.297364,4245.0,600.432115,0,361.210306,0.9448412152772656,0.14144455005885948,0.9448412152772656,1,16.545225,16.545225,16.545225,0.15694588987692637,0,0.0,1,1,0,267.74764899999997,0.0,267.74764899999997,0.0,267.74764899999997,0.0,0.0,0.9999999989999999,0.0,0.06307365111894861,0.0,0.0,0.15694588987692637,381.187198,1,1,0.0,0.0,361.210306,0.9999999999972315,0.0,0.05859375,1.3125,2,2,2.192703,0.31389177975385274,0.9562012369291921,0.13364264057195882,0,0,0.12763615053000524,0.0,0,0,0.10871405519432066
a7faf563-2d3f-43fd-9ab2-7dcf411075b0,learner_003,G3e-cpL7ofc,HTML & CSS Full Course - Beginner to Pro,28037.041693,26743.0,22829.90392,0,27933.215593,0.9962968239967016,0.8536777444564614,0.9962968239967016,7,91.757519,15.292919833333334,16.145045,0.014980182452842822,0,0.0,4,0,4,0.0,4477.6558909999985,0.0,1119.4139727499996,0.0,1309.2800599999991,127.03654022010271,0.0,0.99999999975,0.0,0.16743281946677002,0.9999999999997766,0.008560104258767328,3334.425204,0,0,0.0,27933.215593,0.0,0.0,0.0,0.0,1.0,1,6,5.673385,0.01284015638815099,0.9967258659398426,0.8505164255186404,0,1,1.0445056872078284,0.0,0,0,1.0
ab24b601-d6b8-43bc-b065-846e697c65de,learner_010,70T2GMDKl6M,HTML & CSS Full Course - Zero to Hero,15341.735709,13092.0,13092.0,1,15310.670170000001,0.997975096195747,0.9999999999999236,0.997975096195747,3,23.644633,7.881544333333333,8.939605,0.011732701137179787,0,0.0,1,0,1,0.0,162.480861,0.0,162.480861,0.0,162.480861,0.0,0.0,0.9999999989999999,0.0,0.012410698212647998,0.9999999999938455,0.0039109003790599286,4606.801905,0,1,8019.090112,7291.580058,0.0,0.0,0.5237582694265221,0.015000000000000003,0.9,2,3,5.156268,0.011732701137179787,0.9984580574153614,0.9979750961956707,0,1,1.01633804170478,0.0,0,0,1.0
acff7408-dd73-4fe0-88f0-18f1446d6d2c,learner_005,tRZGeaHPoaw,Git and GitHub Tutorial for Beginners,3378.236882,3076.0,2649.083302,0,3342.137393,0.9893141036990817,0.8612104362806043,0.9893141036990817,4,24.408499000000003,8.136166333333334,3.9148300000000003,0.07104297548656549,0,0.0,3,0,3,0.0,323.21671000000015,0.0,107.73890333333338,0.0,117.60105899999996,6.974190178571706,0.0,0.9999999996666666,0.0,0.10507695383611673,0.9999999999969061,0.05328223161492412,796.668661,0,0,0.0,3342.137393,0.0,0.0,0.0,0.0,1.0,1,4,4.675067,0.07104297548656549,0.992749690696629,0.8520076308652412,0,1,1.0865206089073192,0.0,0,0,1.0
b2ebea8d-3969-4db7-bcb7-8494f5b677a2,learner_001,n4R2E7O-Ngo,CSS Full Course for Beginners | Complete All-in-One Tutorial,12032.975761,15854.0,10810.04225,0,11956.666626,0.9936583321934115,0.6818495174718884,0.9936583321934115,8,64.725653,9.246521857142856,10.122696,0.03989038202448072,0,0.0,0,0,0,0.0,0.0,0.0,0.0,0.0,0.0,0.0,0.0,0.0,0.0,0.0,0.0,0.0,0.0,0,4,1805.494212,10151.172414000002,0.0,0.0,0.15100314063066433,0.007653061224489796,0.9642857142857143,2,7,10.510513000000001,0.03490408427142063,0.9946157939530795,0.677525454337999,0,0,0.7257028556199872,0.0,0,0,0.7257028556199872
b6f3ef3b-bb65-49e2-a2b1-8fddc6dd6880,learner_005,TtPXvEcE11E,"React Tutorial Full Course - Beginner to Pro (React 19, 2025)",18606.464855,17987.0,17987.0,1,18564.904429,0.9977663448524543,0.9999999999999444,0.9977663448524543,4,30.8018,7.70045,7.3836035,0.012898742553706133,0,0.0,2,0,2,0.0,848.0794540000006,0.0,424.0397270000003,0.0,579.7338950000003,155.694168,0.0,0.9999999995,0.0,0.047149577694999355,0.9999999999988208,0.006449371276853066,4736.641387,0,0,0.0,18564.904429,0.0,0.0,0.0,0.0,1.0,1,5,6.688477000000001,0.016123428192132666,0.9983436068723777,0.9977663448523988,0,1,1.0321290058930876,0.0,0,0,1.0
bae0e05f-86bc-422d-9f82-8ba47959f772,anfas,eWRfhZUzrAc,Python for Beginners – Full Course [Programming Tutorial],66.879479,16800.0,64.772799,0,64.76802,0.9684288957907637,0.0038555237499997706,0.9684288957907637,1,0.0,0.0,0.0,0.8971361745532112,0,0.0,0,0,0,0.0,0.0,0.0,0.0,0.0,0.0,0.0,0.0,0.0,0.0,0.0,0.0,0.0,0.0,0,0,0.0,64.76802,0.0,0.0,0.0,0.0,1.0,1,1,1.036507,0.8971361745532112,0.9999999999845602,0.0037338006079073427,0,0,0.0038552392857140565,0.0,0,0,0.0038552392857140565
bb7fafee-7337-4cc9-97b1-3a7f0bf58546,learner_005,j_JuhAWlEaI,Python Tutorial for Beginners 2026,11103.917552,9502.0,9049.074411,0,11024.820995,0.9928766980995146,0.9523336572299566,0.9928766980995146,8,66.65091600000001,9.52155942857143,9.229392,0.043227986676733776,0,0.0,4,0,4,0.0,1440.2308759999996,0.0,360.0577189999999,0.0,465.81068700000014,129.7405962591071,0.0,0.99999999975,0.0,0.15157134034938413,0.9999999999993057,0.021613993338366888,3705.160529,0,0,0.0,11024.820995,0.0,0.0,0.0,0.0,1.0,1,5,3.82423,0.02701749167295861,0.9939907961237414,0.9455498970795142,0,1,1.1602632072194106,0.0,0,0,1.0
bee60025-be21-48e2-8d35-3e5388bf8fde,ali hussain,pBy1zgt0XPc,What is GitHub?,133.31695,163.0,162.681,1,57.810131,0.43362926469264695,0.9980429447791532,0.43362926469264695,0,0.0,0.0,0.0,0.0,0,0.0,2,2,0,4.409022116825113,0.0,2.2045110584125567,0.0,2.340116971389776,0.0,0.13560591297721913,0.9999999995,0.0,0.027049215440478922,0.0,0.0,0.9001106006850094,60.154389,0,2,0.0,0.0,57.810131,0.9999999999827021,0.0,0.02734375,1.1875,3,1,0.278358,0.4500553003425047,0.9999999999827021,0.4327806282762683,0,0,0.4641570552118764,0.0,0,0,0.4560422905797327
bf23faa2-d12e-4457-8a6f-380bee027ebc,learner_001,JxgmHe2NyeY,Complete Machine Learning In 6 Hours| Krish Naik,20935.545448,21600.0,15623.25621,0,20911.420225,0.998847642968705,0.7232988986110775,0.998847642968705,3,19.233013,9.6165065,9.6165065,0.00859781754655357,0,0.0,0,0,0,0.0,0.0,0.0,0.0,0.0,0.0,0.0,0.0,0.0,0.0,0.0,0.0,0.0,0.0,0,1,20911.420225,0.0,0.0,0.0,0.9999999999999521,0.01239669421487603,0.8181818181818182,2,3,4.564647,0.00859781754655357,0.9990811078477912,0.7224654000395351,0,0,0.7260909800346886,0.0,0,0,0.7260909800346886
c3b4ee54-bad5-4835-a52e-31edba3ce315,learner_005,__izua1kKeI,Learn How to Code - Programming for Beginners Tutorial,7632.187589,9773.0,6793.828388,0,7562.500261,0.9908692852228332,0.6951630398034692,0.9908692852228332,6,55.466345,9.244390833333332,9.148942,0.04716865194928189,0,0.0,4,0,4,0.0,1233.659107,0.0,308.41477675,0.0,430.3154720000002,107.54231997423692,0.0,0.99999999975,0.0,0.12623136263172757,0.9999999999991894,0.03144576796618792,1460.958552,0,1,0.0,3142.560622,4419.939639,0.5844548081265072,0.0,0.015255177514792901,1.1442307692307692,2,7,6.272994000000001,0.05503009394082887,0.9927190091700708,0.6888157043633955,0,0,0.8868807091731417,0.0,0,0,0.9499963904890054
c5a314b5-6d0e-42c9-ade8-dbec0ac05e26,learner_008,8hly31xKli0,Algorithms and Data Structures Tutorial - Full Course for Beginners,19627.780877,23079.0,16540.70779,0,19553.564863,0.9962188280750595,0.7166995012781873,0.9962188280750595,7,55.784914,9.297485666666667,8.1060015,0.021398241738620368,0,0.0,5,0,5,0.0,2194.296593000001,0.0,438.85931860000017,0.0,687.3303500000002,227.75885292056608,0.0,0.9999999998,0.0,0.09507762871007867,0.9999999999995443,0.015284458384728835,1753.127284,1,0,0.0,19553.564863,0.0,0.0,0.0,0.0,1.0,1,7,5.782084,0.021398241738620368,0.997155187977399,0.7139895372453353,0,0,0.8472448920230146,0.0,0,0,0.8947837063780539
cc2d36a1-786b-4810-a09f-4098ddfaa86f,learner_016,qZpMX8Re_2Q,Learn C# FREE Tutorial Course Beginner to Advanced!,5883.772718,4441.0,3904.534998,0,5801.861565000001,0.9860784641204107,0.8792017559106329,0.9860784641204107,6,71.031912,14.2063824,14.907788,0.06118523220568916,0,0.0,3,0,3,0.0,327.7939620000002,0.0,109.26465400000006,0.0,159.59096,49.83551967418055,0.0,0.9999999996666666,0.0,0.07381084485474586,0.9999999999969493,0.03059261610284458,526.49458,0,1,4311.147379,1490.714186,0.0,0.0,0.7430627791959831,0.015625,0.875,2,5,4.6364,0.050987693504740965,0.9879051250837138,0.8669619171203251,0,1,1.063741211494919,0.0,0,0,1.0
cce16730-cf4d-46f0-b55e-910f716d2afa,learner_003,CBYHwZcbD-s,Data Structures and Algorithms Full Course,13302.55667,13491.0,12765.67491,0,13278.168133000001,0.9981666278441047,0.9462363731375771,0.9981666278441047,4,19.174726999999997,6.391575666666665,5.340291,0.018041644621606224,0,0.0,1,0,1,0.0,176.13963400000102,0.0,176.13963400000102,0.0,176.13963400000102,0.0,0.0,0.9999999989999999,0.0,0.013056084352530424,0.9999999999943228,0.004510411155401556,9113.327038,0,0,0.0,13278.168133000001,0.0,0.0,0.0,0.0,1.0,1,2,2.550794,0.009020822310803112,0.9985580031136387,0.9445015697181713,0,1,0.9842241592913066,0.0,0,0,0.9907522014675718
ce6cf1c5-693d-4722-99e5-40421a81cb9c,learner_006,PkZNo7MFNFg,Learn JavaScript - Full Course for Beginners,24168.333015,25604.0,25604.0,1,24143.351198999997,0.998966340955932,0.9999999999999609,0.998966340955932,2,18.059525,9.0297625,9.0297625,0.004965174880916465,0,0.0,1,0,1,0.0,294.83170000000064,0.0,294.83170000000064,0.0,294.83170000000064,0.0,0.0,0.9999999989999999,0.0,0.011515064052491373,0.9999999999966083,0.0024825874404582325,6447.868701,0,0,0.0,24143.351198999997,0.0,0.0,0.0,0.0,1.0,1,3,3.8574610000000003,0.007447762321374697,0.9992525467487269,0.9989663409558929,0,1,0.9429523199109144,0.0,0,0,0.9487098519371602
ce9f08b6-7e72-4493-8479-db0962999f07,learner_003,YrtFtdTTfv0,Learn C# Programming – Full Course with Mini-Projects,26084.813953,21223.0,21223.0,1,26040.52049,0.9983019444539336,0.9999999999999528,0.9983019444539336,3,39.414598,13.138199333333333,13.497679,0.006900566755964317,0,0.0,0,0,0,0.0,0.0,0.0,0.0,0.0,0.0,0.0,0.0,0.0,0.0,0.0,0.0,0.0,0.0,0,1,26040.52049,0.0,0.0,0.0,0.9999999999999616,0.010522959183673476,0.8035714285714286,2,3,3.617941,0.006900566755964317,0.9984887003028189,0.9983019444538865,0,0,0.9202464480751579,0.0,0,0,0.9202464480751579
cf388e3c-f1c7-4ac0-ba79-5d2488a219ea,learner_003,j942wKiXFu8,Full React Tutorial #1 - Introduction,2075.569116,1992.0,1332.281566,0,2049.444927,0.9874134815364117,0.6688160471884194,0.9874134815364117,4,19.500898,6.500299333333333,7.822592,0.11563093618177644,0,0.0,1,0,1,0.0,21.42720700000018,0.0,21.42720700000018,0.0,21.42720700000018,0.0,0.0,0.9999999989999999,0.0,0.010756630020075012,0.9999999999533303,0.02890773404544411,1708.076904,0,2,1345.4614780000002,339.275938,364.70751099999995,0.17795428713163075,0.656500431055176,0.029052734375,0.921875,3,4,2.864764,0.11563093618177644,0.9905744762548384,0.6603979816617382,0,0,0.9057512225146056,0.0,0,0,0.9111295375246431
d002c50b-efde-4a69-9224-e446bd3a18a8,anfas,GfWRxr1OBm4,Python Basics: The Best Way to Learn Python Programming (2024),1.65766,9.0,0.0749339694824218,0,0.0,0.0,0.008325996608232867,0.0,0,0.0,0.0,0.0,0.0,0,0.0,0,0,0,0.0,0.0,0.0,0.0,0.0,0.0,0.0,0.0,0.0,0.0,0.0,0.0,0.0,0.0,0,0,0.0,0.0,0.0,0.0,0.0,0.0,1.0,1,1,0.549916,36.19559971783359,0.0,0.0,0,0,0.0,0.0,0,0,0.0
d0445ce5-1b82-480a-9c2e-e5ac4be5d7a3,moulana,RRubcjpTkks,Learn Java in 14 Minutes (seriously),656.167941,840.0,839.801,1,245.71003600000003,0.37446211655077727,0.9997630952369051,0.37446211655077727,23,4.651414999999999,0.2022354347826087,0.05522,2.1031201216119952,0,0.0,10,6,3,133.1530686451606,39.085305225067145,22.192178107526768,13.028435075022381,40.74506717881388,19.514501104904184,10.073976804353736,0.59999999994,0.29999999997,0.15851555791071678,0.04653012526788169,0.22692565162214592,0.9144000528747807,90.474953,0,1,0.0,240.84615,4.863885999999999,0.019795227249000947,0.0,0.015532544378698217,1.1153846153846154,2,25,15.334567999999999,2.2860001321869516,0.9814212012975536,0.3743734046917678,0,1,0.2939595327377453,0.18288001057495612,2,2,0.2696699279984711
d0b66765-4a1c-45d7-b421-d128970722b2,learner_011,HXV3zeQKqGY,SQL Tutorial - Full Database Course for Beginners,4669.832806,3455.0,3103.002264,0,4620.600103000001,0.9894572878631258,0.8981193238781772,0.9894572878631258,4,41.119167,13.706389,17.895765,0.05139370293697756,0,0.0,1,0,1,0.0,102.04330200000004,0.0,102.04330200000004,0.0,102.04330200000004,0.0,0.0,0.9999999989999999,0.0,0.029534964399412594,0.9999999999902002,0.01284842573424439,1101.079574,0,1,4620.600103000001,0.0,0.0,0.0,0.9999999999997835,0.011094674556213019,0.8076923076923077,2,2,3.885326,0.02569685146848878,0.9911793987111988,0.8886507103819654,0,1,1.0030246243846592,0.0,0,0,1.0
d1072c37-c893-4240-b9b3-c7e5e471a306,learner_015,LgXzzu68j7M,Excel Tutorial for Beginners,6969.943497,8105.0,6522.938827,0,6913.7025269999995,0.9919309288482467,0.8048042969770752,0.9919309288482467,4,48.130475000000004,16.043491666666668,18.719778,0.034433564648154565,0,0.0,0,0,0,0.0,0.0,0.0,0.0,0.0,0.0,0.0,0.0,0.0,0.0,0.0,0.0,0.0,0.0,0,0,0.0,6913.7025269999995,0.0,0.0,0.0,0.0,1.0,1,4,6.956664999999999,0.034433564648154565,0.9930865226173672,0.7983102738415304,0,0,0.8530169681676923,0.0,0,0,0.8530169681676923
d168403b-fcfc-4467-b6b1-adb89f4c1489,learner_003,MuZySo5lF8E,Complete Git and GitHub Tutorial for Beginners 2025,3078.813066,5151.0,2783.359963,0,3042.687029,0.9882662453917921,0.540353322267416,0.9882662453917921,2,26.561152,13.280576,13.280576,0.03897605909330691,0,0.0,2,0,2,0.0,380.65608099999986,0.0,190.32804049999993,0.0,237.50657499999988,47.178534499999955,0.0,0.9999999995,0.0,0.07389945272761132,0.999999999997373,0.03897605909330691,1642.264229,0,0,0.0,3042.687029,0.0,0.0,0.0,0.0,1.0,1,2,3.197116,0.03897605909330691,0.9913460396701,0.5340129489822002,0,0,0.5906983166374314,0.0,0,0,0.6276480430012371
d1c4b6ae-ed54-414d-a7e3-1cdbcf870279,learner_001,H2EJuAcrZYU,Python Full Course for Beginners | Complete All-in-One Tutorial,10097.316681,24466.0,14772.8114,0,10050.169431,0.9953307149324422,0.6038098340553992,0.9953307149324422,4,39.87168,13.29056,17.37198,0.023768690987990802,0,0.0,2,2,0,729.9391330000008,0.0,364.9695665000004,0.0,674.4298560000007,0.0,309.4602895000003,0.9999999995,0.0,0.029834837447885676,0.0,0.0,0.011884345493995401,4087.11076,0,3,0.0,0.0,10050.169431,0.9999999999999004,0.0,0.10513117283950618,1.4027777777777777,4,4,4.834171,0.023768690987990802,0.9960484125324792,0.6009904738135998,0,0,0.6173858394404228,0.0,0,0,0.6084353882060571
d3c102bd-d1d3-4528-b825-2c19d2c003c0,learner_001,MIJt9H69QVc,Node JS Full Course 2024 | Complete Backend Development,28498.098104,33498.0,28306.56427,0,28485.084442,0.9995433498069412,0.8450225168666534,0.9995433498069412,3,10.310786,5.155393,5.155393,0.006316210974596798,0,0.0,0,0,0,0.0,0.0,0.0,0.0,0.0,0.0,0.0,0.0,0.0,0.0,0.0,0.0,0.0,0.0,0,1,0.0,28485.084442,0.0,0.0,0.0,0.0,1.0,1,1,2.144997,0.002105403658198933,0.999638159572152,0.8446366371711872,0,0,0.8503517953907442,0.0,0,0,0.8503517953907442
dc0fe1fc-b776-42e1-9a0a-2a5b8e7f49d3,learner_008,M5ugY7fWydE,C# Full Course : C# Tutorial for Beginners,15270.721537,19776.0,14111.83752,0,15027.928718000001,0.9841007631229008,0.7135840169902551,0.9841007631229008,6,80.148285,13.3580475,14.4855295,0.023574524564954458,0,0.0,1,0,1,0.0,179.7338200000013,0.0,179.7338200000013,0.0,179.7338200000013,0.0,0.0,0.9999999989999999,0.0,0.009088481998381482,0.9999999999944362,0.003929087427492409,12853.327656,0,3,0.0,15027.928718000001,0.0,0.0,0.0,0.0025992438563327033,1.0108695652173914,2,5,160.77379100000002,0.019645437137462047,0.9946950042030446,0.7022385756724151,0,0,0.7599073987661429,0.0,0,0,0.7644516397653336
ddb14b4c-845a-4418-b9c7-a3e18114ff96,learner_009,Ej_02ICOIgs,Object Oriented Programming with Python - Full Course,10207.382576,30073.0,20649.24756,0,10147.495219999999,0.9941329370624546,0.6866374342433184,0.9941329370624546,5,49.852073000000004,12.463018250000001,13.621245,0.029390492397493598,0,0.0,2,2,0,3098.2363639999994,0.0,1549.1181819999997,0.0,1804.964594,0.0,255.84641200000033,0.9999999995,0.0,0.10302385408838148,0.0,0.0,0.011756196958997439,1485.975833,1,2,0.0,0.0,10147.495219999999,0.9999999999999014,0.0,0.11495844875346257,1.736842105263158,3,4,6.960775,0.023512393917994878,0.9951112704541095,0.6826088892013381,0,0,0.6157268565656697,0.0,0,0,0.5848197003391553
de2a9c48-49ac-4d1a-93c6-b7a278ddff35,learner_014,LcWFedjaR4Q,Complete Machine Learning Course in 60 Hours - Part 1,156322.242489,216000.0,142704.182,0,156251.542116,0.9995477267222164,0.6606675092592562,0.9995477267222164,5,59.072734,11.814546799999999,12.773728,0.0019191126945418218,0,0.0,3,0,3,0.0,19654.837270000004,0.0,6551.612423333335,0.0,9024.194309999999,2047.2903465126906,0.0,0.9999999996666666,0.0,0.09099461699074034,0.9999999999999492,0.001151467616725093,38118.728831,0,0,0.0,156251.542116,0.0,0.0,0.0,0.0,1.0,1,5,4.439808,0.0019191126945418218,0.9996220811103733,0.6603687069993184,0,0,0.7233867690555522,0.0,0,0,0.7688840775509224
de370573-40c3-4b9f-ba87-7786ab7d44b2,mohamed ,tklkyVa7KZo,Stream API in Java,958.433321,1564.0,1563.461,1,200.57528900000003,0.20927411913279126,0.9996553708433507,0.20927411913279126,5,3.679379,0.7358758,0.522712,0.31301082027094856,0,0.0,21,19,2,825.3571883927465,305.85361758490166,43.43985202067088,152.92680879245083,272.21068483978274,240.88857072413816,98.6623166313813,0.9047619047188209,0.0952380952335601,0.5277219874630554,0.19555857901835427,0.2703772064131738,1.3146454451379839,11.547465,1,4,0.0,146.94967400000002,53.625614999999996,0.26735903144944556,0.0,0.16455833333333336,1.405,5,14,9.685136000000002,0.8764302967586559,0.981986316214903,0.209201997169606,1,1,0.15594857787713817,0.0,8,0,0.0954112711473987
e08385dc-3009-4fe7-b083-18af27844834,anfas,DSshk8M-ZXE,C++ Vs Python,0.0,0.0,0.0,0,0.0,0.0,0.0,0.0,0,0.0,0.0,0.0,0.0,0,0.0,0,0,0,0.0,0.0,0.0,0.0,0.0,0.0,0.0,0.0,0.0,0.0,0.0,0.0,0.0,0.0,0,0,0.0,0.0,0.0,0.0,0.0,0.0,1.0,1,0,0.0,0.0,0.0,0.0,0,0,0.0,0.0,0,0,0.0
e41355be-7a04-42ac-a6bc-aeced22786e4,learner_009,r8jQ9hVA2qs,A brief introduction to Git for beginners | GitHub,1440.66985,903.0,903.0,1,1404.566162,0.9749396518564091,0.9999999999988926,0.9749396518564091,3,27.489325,9.163108333333334,9.34886,0.12494188032914237,0,0.0,2,0,2,0.0,73.80197500000003,0.0,36.900987500000014,0.0,41.09553600000004,4.194548500000025,0.0,0.9999999995,0.0,0.08172976190467143,0.9999999999864502,0.08329458688609491,389.55955,0,3,0.0,726.583971,677.982191,0.48269865054567446,0.0,0.014542936288088644,1.0921052631578947,2,4,3.874917,0.16658917377218982,0.9808042877873623,0.9749396518553294,0,1,1.7431469653912037,0.0,0,0,1.0
e4fe7fac-45b2-4f53-b2a2-5bf121767963,learner_009,SqcY0GlETPk,React Tutorial for Beginners,7934.497744,8774.0,6995.583177,0,7872.810789,0.9922254745049691,0.7973083174149992,0.9922254745049691,5,52.179683999999995,13.044920999999999,12.8022355,0.03780957657018542,0,0.0,3,0,3,0.0,581.2893450000006,0.0,193.7631150000002,0.0,281.6619020000003,83.34287292017805,0.0,0.9999999996666666,0.0,0.06625135001138982,0.9999999999982797,0.02268574594211125,2895.003922,0,1,0.0,7872.810789,0.0,0.0,0.0,0.0,1.0,1,4,3.0208880000000002,0.030247661256148334,0.9934158048291961,0.7911096235738561,0,0,0.8972886698198203,0.0,0,0,0.9304143448255151
e560a134-e476-4681-b98f-23c82f0ad043,ali hussain,RGOj5yH7evk,Git and GitHub for Beginners - Crash Course,61.851505,4110.0,0.2037680457763672,0,0.0,0.0,4.957859994557606e-05,0.0,0,0.0,0.0,0.0,0.0,0,0.0,0,0,0,0.0,0.0,0.0,0.0,0.0,0.0,0.0,0.0,0.0,0.0,0.0,0.0,0.0,0.0,0,0,0.0,0.0,0.0,0.0,0.0,0.0,1.0,1,1,0.63547,0.9700653192156936,0.0,0.0,0,0,0.0,0.0,0,0,0.0
e9342620-e24c-4368-ba6f-c49fdfc30b5b,learner_014,05LLyH15ZWU,C++ Full Course for Beginners to Advanced | Master C++,11832.47204,13815.0,10795.16038,0,9719.699964,0.8214428845588193,0.781408641331829,0.8214428845588193,6,55.747963,11.1495926,12.232988,0.03042474968723226,0,0.0,4,0,4,0.0,1054.7896939999996,0.0,263.6974234999999,0.0,439.966848,157.36864519951854,0.0,0.99999999975,0.0,0.07635104553021521,0.999999999999052,0.020283166458154842,2291.596941,0,2,0.0,8161.611151,1558.088813,0.16030215117449276,0.0,0.010308159722222224,1.0520833333333333,2,5,2050.281634,0.025353958072693552,0.9942971449065758,0.6418825683548054,0,0,0.7317569429785934,0.0,0,0,0.769932465743701
ec3e5519-c701-422f-a7f0-0389ef1eedeb,learner_008,BGTx91t8q50,Java Tutorial for Beginners,7543.114641,7288.0,7288.0,1,7517.817925,0.9966463831977975,0.9999999999998628,0.9966463831977975,2,16.630256,8.315128,8.315128,0.01590854782277801,0,0.0,2,0,2,0.0,277.66512100000045,0.0,138.83256050000023,0.0,175.16993200000024,36.33737150000002,0.0,0.9999999995,0.0,0.038098946350159486,0.9999999999963985,0.01590854782277801,2357.531358,0,0,0.0,7517.817925,0.0,0.0,0.0,0.0,1.0,1,5,4.942846,0.039771369556945026,0.9977927705385331,0.9966463831976607,0,1,1.031533743825325,0.0,0,0,1.0
ef2c471c-9228-49e3-b502-aac08790c72b,anfas,Y8Tko2YC5hA,What is Python? Why Python is So Popular?,192.95574,247.0,246.681,1,22.157144000000002,0.11483018851828494,0.9987085020202482,0.11483018851828494,2,0.034807000000000005,0.017403500000000002,0.017403500000000002,0.6219042769221882,0,0.0,4,4,0,18.599623695777993,0.0,4.649905923944498,0.0,10.507081064849855,0.0,3.410582246107913,0.99999999975,0.0,0.07530212022551697,0.0,0.0,1.2438085538443764,33.128586,0,1,0.0,3.4636270000000002,18.693517,0.8436789957747406,0.0,0.05555555555555555,1.1666666666666667,2,3,3.084688,0.9328564153832822,0.9984315484024622,0.11468188556179906,0,0,0.12754616396709498,0.0,0,0,0.10495552789943989
efb2041f-e0b0-4463-a985-ad390c6c3210,learner_015,e7sAf4SbS_g,Complete C++ Tutorial in One Shot 2023,2552.437659,2469.0,1790.704608,0,2493.8093,0.9770304442914595,0.7252752563788071,0.9770304442914595,6,46.897236,7.816206,5.7762835,0.1410416425733897,0,0.0,2,0,2,0.0,142.986496,0.0,71.493248,0.0,118.01628600000004,46.52303800000004,0.0,0.9999999995,0.0,0.0579127160793609,0.9999999999930064,0.04701388085779656,1292.965025,0,1,0.0,2493.8093,0.0,0.0,0.0,0.0,1.0,1,6,7.832974999999999,0.1410416425733897,0.9815416557022698,0.708616005973388,0,0,1.0100483191571445,0.0,0,0,1.0
f0e98bff-0bde-412e-b870-7081c05645a0,learner_016,MiAl2mQ718s,SQL Database Design Tutorial for Beginners,3589.416886,3236.0,3236.0,1,3540.0720069999998,0.9862526754154834,0.999999999999691,0.9862526754154834,4,44.082955,11.02073875,10.6182905,0.06686322810038406,0,0.0,1,0,1,0.0,132.9899049999999,0.0,132.9899049999999,0.0,132.9899049999999,0.0,0.0,0.9999999989999999,0.0,0.041097004017292584,0.9999999999924807,0.016715807025096015,2357.15068,0,1,0.0,1618.016876,1922.055131,0.5429423828664673,0.0,0.015570934256055364,1.1323529411764706,2,3,3.2132449999999997,0.05014742107528804,0.9877006001502824,0.9862526754151787,0,1,1.2424554356454751,0.0,0,0,1.0
f6cde57b-3b11-439c-8b77-47a3248998c8,learner_015,qoSksQ4s_hg,JavaScript Tutorial For Beginners 01 - Introduction,811.443903,821.0,679.281795,0,777.114557,0.9576935067550102,0.8273834287444246,0.9576935067550102,3,28.852568,14.426284,14.426284,0.22182679458334706,0,0.0,1,1,0,60.69796400000007,0.0,60.69796400000007,0.0,60.69796400000007,0.0,0.0,0.9999999989999999,0.0,0.07393174665033635,0.0,0.0,0.07394226486111569,713.489256,0,2,0.0,0.0,777.114557,0.9999999999987133,0.0,0.10546875,1.5625,2,2,2.6089729999999998,0.14788452972223137,0.9642013090782527,0.7923797373052321,0,0,1.6564561202781285,0.0,0,0,0.9778204760048991
f6e45970-8310-4e41-8421-a8e335c82dac,learner_002,_t2GVaQasRY,Data Structures & Algorithms Tutorial in Python #1,5217.908031,5796.0,4807.970124,0,5193.609412,0.995343225895007,0.8295324575567927,0.995343225895007,3,20.157645,10.0788225,10.0788225,0.034496583482985156,0,0.0,1,0,1,0.0,181.93276699999979,0.0,181.93276699999979,0.0,181.93276699999979,0.0,0.0,0.9999999989999999,0.0,0.03138936628708909,0.9999999999945035,0.011498861160995051,3507.785968,0,0,0.0,5193.609412,0.0,0.0,0.0,0.0,1.0,1,3,2.6997999999999998,0.034496583482985156,0.9961337657051761,0.825669512289191,0,1,0.896067876466374,0.0,0,0,0.9117625596099185
fa5df2c6-c306-4221-b894-630c05aea714,yunus,f7Tm6bxw_sI,How to create repository on GitHub #github #governorsindhinitiative #shorts,12.738071,0.0,0.0,0,0.0,0.0,0.0,0.0,0,0.0,0.0,0.0,0.0,0,0.0,0,0,0,0.0,0.0,0.0,0.0,0.0,0.0,0.0,0.0,0.0,0.0,0.0,0.0,0.0,0.0,0,0,0.0,0.0,0.0,0.0,0.0,0.0,1.0,1,0,0.0,0.0,0.0,0.0,0,0,0.0,0.0,0,0,0.0
fc5a38ac-b3f5-4312-8d37-f9c9a07cc2ab,learner_015,uh4gG7LbDPQ,Learn JavaScript: Tutorial for Beginners (Part 1),1419.205222,2594.0,921.450018,0,1326.002038,0.9343271976764652,0.35522359984566104,0.9343271976764652,4,88.32914099999999,22.082285249999998,19.343089499999998,0.16910873513531466,1,0.2499999999375,0,0,0,0.0,0.0,0.0,0.0,0.0,0.0,0.0,0.0,0.0,0.0,0.0,0.0,0.0,0.0,0,0,0.0,1326.002038,0.0,0.0,0.0,0.0,1.0,1,4,3.593201,0.16910873513531466,0.9375470594776887,0.3318950705923425,0,0,0.5111804309944059,0.0,0,0,0.5111804309944059
fcc65350-eb18-4b6e-8483-50b45ad6ae06,anfas,K5KVEU3aaeQ,Python Full Course for Beginners,19.383558,7341.0,0.1378370839233398,0,10.770847,0.5556692429451977,1.8776336183533717e-05,0.5556692429451977,0,0.0,0.0,0.0,0.0,0,0.0,0,0,0,0.0,0.0,0.0,0.0,0.0,0.0,0.0,0.0,0.0,0.0,0.0,0.0,0.0,0.0,0,0,0.0,10.770847,0.0,0.0,0.0,0.0,1.0,1,1,4.774475,3.0954069327352376,0.9999999999071568,1.0433432512388704e-05,0,0,0.0014672179539570265,0.0,0,0,0.0014672179539570265
fd33fe26-cf39-45b8-965d-bba0b5973b1a,learner_017,x4rFhThSX04,Learn React JS - Full Beginner's Tutorial & Practice Projects,4134.385314,3210.0,3210.0,1,4059.6595319999997,0.9819257818694489,0.9999999999996885,0.9819257818694489,6,61.162993,10.193832166666667,10.7931685,0.08707461270620591,0,0.0,3,0,3,0.0,228.31031499999983,0.0,76.10343833333327,0.0,127.21058099999982,40.57197013475645,0.0,0.9999999996666666,0.0,0.07112470872271923,0.9999999999956201,0.043537306353102954,1100.54375,0,0,0.0,4059.6595319999997,0.0,0.0,0.0,0.0,1.0,1,6,6.666006,0.08707461270620591,0.9851575765202396,0.981925781869143,0,1,1.26469144299026,0.0,0,0,1.0
